MH4	2 - AC	14	ROOM	2 - AC-ROOM	   1427	2	0	2	2023	Group4
MH3	4 - NAC	2	ROOM	4 - NAC-ROOM	219	4	0	4	2022	Group3
MH3	2 - NAC	2	ROOM	2 - NAC-ROOM	221	2	0	2	2022	Group3
MH3	2 - NAC	2	ROOM	2 - NAC-ROOM	222	2	0	2	2022	Group3
MH3	2 - NAC	2	ROOM	2 - NAC-ROOM	223	2	0	2	2022	Group3
MH3	2 - NAC	2	ROOM	2 - NAC-ROOM	224	2	0	2	2022	Group3
MH3	2 - NAC	5	ROOM	2 - NAC-ROOM	525	2	0	2	2022	Group3
MH3	4 - NAC	5	ROOM	4 - NAC-ROOM	526	4	0	4	2022	Group3
MH3	5 - NAC	5	APT	5 - NAC-APT	527B	5	0	5	2022	Group3
MH3	5 - NAC	5	APT	5 - NAC-APT	527C	5	0	5	2022	Group3
MH3	2 - NAC	6	ROOM	2 - NAC-ROOM	600	2	0	2	2022	Group3
MH3	8 - NAC	6	DORMS	8 - NAC-DORMS	601	8	0	8	2022	Group3
MH3	4 - NAC	6	ROOM	4 - NAC-ROOM	603	4	0	4	2022	Group3
MH3	2 - NAC	9	ROOM	2 - NAC-ROOM	900	2	0	2	2023	Group4
MH3	4 - NAC	9	ROOM	4 - NAC-ROOM	903	4	0	4	2023	Group4
MH3	4 - NAC	9	ROOM	4 - NAC-ROOM	904	4	0	4	2023	Group4
MH3	4 - NAC	9	ROOM	4 - NAC-ROOM	905	4	0	4	2023	Group4
MH3	4 - NAC	9	ROOM	4 - NAC-ROOM	906	4	0	4	2023	Group4
MH3	4 - NAC	9	ROOM	4 - NAC-ROOM	908	4	0	4	2023	Group4
MH3	2 - NAC	9	ROOM	2 - NAC-ROOM	909	2	0	2	2023	Group4
MH3	4 - NAC	11	ROOM	4 - NAC-ROOM	1126	4	0	4	2023	Group4
MH3	2 - NAC	12	ROOM	2 - NAC-ROOM	1200	2	0	2	2023	Group4
MH3	4 - NAC	12	ROOM	4 - NAC-ROOM	1203	4	0	4	2023	Group4
MH3	4 - NAC	12	ROOM	4 - NAC-ROOM	1204	4	0	4	2023	Group4
MH3	4 - NAC	12	ROOM	4 - NAC-ROOM	1205	4	0	4	2023	Group4
MH3	2 - NAC	12	ROOM	2 - NAC-ROOM	1210	2	0	2	2023	Group4
MH3	2 - NAC	12	ROOM	2 - NAC-ROOM	1211	2	0	2	2023	Group4
MH3	2 - NAC	12	ROOM	2 - NAC-ROOM	1212	2	0	2	2023	Group4
MH4	2 - AC	12	ROOM	2 - AC-ROOM	1226	2	0	2	2023	Group4
MH4	2 - AC	12	ROOM	2 - AC-ROOM	1227	2	0	2	2023	Group4
MH5	2 - AC	7	ROOM	2 - AC-ROOM	729	2	0	2	2022	Group3
MH5	2 - AC	7	ROOM	2 - AC-ROOM	730	2	0	2	2022	Group3
MH5	2 - AC	7	ROOM	2 - AC-ROOM	731	2	0	2	2022	Group3
MH4	4 - NAC	10	ROOM	4 - NAC-ROOM	1034	4	0	4	2023	Group4
MH5	4 - NAC	10	ROOM	4 - NAC-ROOM	1035	4	0	4	2023	Group4
MH5	4 - NAC	10	ROOM	4 - NAC-ROOM	1036	4	0	4	2023	Group4
MH4	4 - NAC	11	ROOM	4 - NAC-ROOM	1134	4	0	4	2023	Group4
MH5	4 - NAC	11	ROOM	4 - NAC-ROOM	1135	4	0	4	2023	Group4
MH5	4 - NAC	11	ROOM	4 - NAC-ROOM	1136	4	0	4	2023	Group4
MH4	4 - NAC	1	ROOM	4 - NAC-ROOM	117	4	0	4	2022	Group3
MH4	4 - NAC	12	ROOM	4 - NAC-ROOM	1234	4	0	4	2023	Group4
MH5	4 - NAC	12	ROOM	4 - NAC-ROOM	1235	4	0	4	2023	Group4
MH5	4 - NAC	12	ROOM	4 - NAC-ROOM	1236	4	0	4	2023	Group4
MH4	4 - NAC	13	ROOM	4 - NAC-ROOM	1334	4	0	4	2023	Group4
MH5	4 - NAC	13	ROOM	4 - NAC-ROOM	1335	4	0	4	2023	Group4
MH4	4 - NAC	13	ROOM	4 - NAC-ROOM	1335	4	0	4	2023	Group4
MH5	4 - NAC	13	ROOM	4 - NAC-ROOM	1336	4	0	4	2023	Group4
MH4	4 - NAC	14	ROOM	4 - NAC-ROOM	1434	4	0	4	2023	Group4
MH4	4 - NAC	14	ROOM	4 - NAC-ROOM	1435	4	0	4	2023	Group4
MH5	4 - NAC	14	ROOM	4 - NAC-ROOM	1435	4	0	4	2023	Group4
MH5	4 - NAC	14	ROOM	4 - NAC-ROOM	1436	4	0	4	2023	Group4
MH3	4 - NAC	2	ROOM	4 - NAC-ROOM	216	4	0	4	2022	Group3
MH5	4 - NAC	2	ROOM	4 - NAC-ROOM	222	4	0	4	2023	Group4
MH5	4 - NAC	2	ROOM	4 - NAC-ROOM	223	4	0	4	2023	Group4
MH4	4 - NAC	2	ROOM	4 - NAC-ROOM	234	4	0	4	2023	Group4
MH5	4 - NAC	3	ROOM	4 - NAC-ROOM	322	4	0	4	2023	Group4
MH5	4 - NAC	3	ROOM	4 - NAC-ROOM	323	4	0	4	2023	Group4
MH4	2 - NAC	10	ROOM	2 - NAC-ROOM	1035	2	0	2	2023	Group4
MH4	2 - NAC	11	ROOM	2 - NAC-ROOM	1135	2	0	2	2023	Group4
MH4	2 - NAC	12	ROOM	2 - NAC-ROOM	1235	2	0	2	2023	Group4
MH4	2 - AC	13	ROOM	2 - AC-ROOM	1333	2	0	2	2023	Group4
MH4	5- AC	14	ROOM	4 - AC-ROOM	1402	5	0	5	2023	Group4
MH4	2 - AC	13	ROOM	2 - AC-ROOM	1332	2	0	2	2023	Group4
MH4	12 - NAC	14	DORMS	12 - NAC-DORMS	1404	12	0	12	2023	Group4
MH4	5- AC	14	ROOM	4 - AC-ROOM	1405	5	0	5	2023	Group4
MH4	5- AC	14	ROOM	4 - AC-ROOM	1406	5	0	5	2023	Group4
MH4	5- AC	14	ROOM	4 - AC-ROOM	1407	5	0	5	2023	Group4
MH4	5- AC	14	ROOM	4 - AC-ROOM	1408	5	0	5	2023	Group4
MH4	2 - AC	14	ROOM	2 - AC-ROOM	1409	2	0	2	2023	Group4
MH4	5- AC	14	ROOM	4 - AC-ROOM	1411	5	0	5	2023	Group4
MH4	5- AC	14	ROOM	4 - AC-ROOM	1412	5	0	5	2023	Group4
MH4	5- AC	14	ROOM	4 - AC-ROOM	1413	5	0	5	2023	Group4
MH4	5- AC	14	ROOM	4 - AC-ROOM	1414	5	0	5	2023	Group4
MH4	2 - AC	14	ROOM	2 - AC-ROOM	1416	2	0	2	2023	Group4
MH4	5- AC	14	ROOM	4 - AC-ROOM	1417	5	0	5	2023	Group4
MH4	5- AC	14	ROOM	4 - AC-ROOM	1418	5	0	5	2023	Group4
MH4	2 - AC	14	ROOM	2 - AC-ROOM	1419	2	0	2	2023	Group4
MH4	2 - AC	14	ROOM	2 - AC-ROOM	1420	2	0	2	2023	Group4
MH4	2 - AC	14	ROOM	2 - AC-ROOM	1421	2	0	2	2023	Group4
MH4	2 - AC	14	ROOM	2 - AC-ROOM	1422	2	0	2	2023	Group4
MH4	2 - AC	14	ROOM	2 - AC-ROOM	1423	2	0	2	2023	Group4
MH4	2 - AC	14	ROOM	2 - AC-ROOM	1424	2	0	2	2023	Group4
MH4	2 - AC	14	ROOM	2 - AC-ROOM	1425	2	0	2	2023	Group4
MH4	2 - AC	14	ROOM	2 - AC-ROOM	1426	2	0	2	2023	Group4
MH4	2 - AC	14	ROOM	2 - AC-ROOM	1428	2	0	2	2023	Group4
MH4	2 - AC	14	ROOM	2 - AC-ROOM	1429	2	0	2	2023	Group4
MH4	2 - AC	14	ROOM	2 - AC-ROOM	1430	2	0	2	2023	Group4
MH4	2 - AC	14	ROOM	2 - AC-ROOM	1431	2	0	2	2023	Group4
MH4	2 - AC	14	ROOM	2 - AC-ROOM	1432	2	0	2	2023	Group4
MH4	2 - AC	14	ROOM	2 - AC-ROOM	1433	2	0	2	2023	Group4
MH5	5 - NAC	1	ROOM	5 - NAC-ROOM	102	5	0	5	2022	Group3
MH5	5 - NAC	1	ROOM	5 - NAC-ROOM	105	5	0	5	2022	Group3
MH5	5 - NAC	1	ROOM	5 - NAC-ROOM	106	5	0	5	2022	Group3
MH5	8 - NAC	1	DORMS	8 - NAC-DORMS	107	8	0	8	2022	Group3
MH5	10 - NAC	1	DORMS	10 - NAC-DORMS	110	10	0	10	2022	Group3
MH5	10 - NAC	1	DORMS	10 - NAC-DORMS	111	10	0	10	2022	Group3
MH5	8 - NAC	1	DORMS	8 - NAC-DORMS	112	8	0	8	2022	Group3
MH5	8 - NAC	1	DORMS	8 - NAC-DORMS	115	8	0	8	2022	Group3
MH5	6 - NAC	1	ROOM	6 - NAC-ROOM	116	6	0	6	2022	Group3
MH5	5 - NAC	1	ROOM	5 - NAC-ROOM	117	5	0	5	2022	Group3
MH5	5 - NAC	1	ROOM	5 - NAC-ROOM	118	5	0	5	2022	Group3
MH5	6 - NAC	1	ROOM	6 - NAC-ROOM	119	6	0	6	2022	Group3
MH5	5 - NAC	1	ROOM	5 - NAC-ROOM	120	5	0	5	2022	Group3
MH5	2 - NAC	1	ROOM	2 - NAC-ROOM	121	2	0	2	2022	Group3
MH5	2 - NAC	1	ROOM	2 - NAC-ROOM	122	2	0	2	2022	Group3
MH5	2 - NAC	1	ROOM	2 - NAC-ROOM	123	2	0	2	2022	Group3
MH5	5 - NAC	1	ROOM	5 - NAC-ROOM	124	5	0	5	2022	Group3
MH5	5 - NAC	2	ROOM	5 - NAC-ROOM	202	5	0	5	2022	Group3
MH5	12 - NAC	2	DORMS	12 - NAC-DORMS	205	12	0	12	2022	Group3
MH5	5 - NAC	2	ROOM	5 - NAC-ROOM	206	5	0	5	2022	Group3
MH5	5 - NAC	2	ROOM	5 - NAC-ROOM	207	5	0	5	2022	Group3
MH5	8 - NAC	2	DORMS	8 - NAC-DORMS	208	8	0	8	2022	Group3
MH5	2 - NAC	2	ROOM	2 - NAC-ROOM	209	2	0	2	2022	Group3
MH5	8 - NAC	2	DORMS	8 - NAC-DORMS	211	8	0	8	2022	Group3
MH5	8 - NAC	2	DORMS	8 - NAC-DORMS	212	8	0	8	2022	Group3
MH5	8 - NAC	2	DORMS	8 - NAC-DORMS	215	8	0	8	2022	Group3
MH5	5 - NAC	2	ROOM	5 - NAC-ROOM	216	5	0	5	2022	Group3
MH5	5 - NAC	2	ROOM	5 - NAC-ROOM	217	5	0	5	2022	Group3
MH5	6 - NAC	2	ROOM	6 - NAC-ROOM	218	6	0	6	2022	Group3
MH5	5 - NAC	2	ROOM	5 - NAC-ROOM	219	5	0	5	2022	Group3
MH5	6 - NAC	2	ROOM	6 - NAC-ROOM	220	6	0	6	2022	Group3
MH5	6 - NAC	2	ROOM	6 - NAC-ROOM	221	6	0	6	2022	Group3
MH5	5 - NAC	3	ROOM	5 - NAC-ROOM	302	5	0	5	2022	Group3
MH5	10 - NAC	3	DORMS	10 - NAC-DORMS	305	10	0	10	2022	Group3
MH5	5 - NAC	3	ROOM	5 - NAC-ROOM	306	5	0	5	2022	Group3
MH5	5 - NAC	3	ROOM	5 - NAC-ROOM	307	5	0	5	2022	Group3
MH5	8 - NAC	3	DORMS	8 - NAC-DORMS	308	8	0	8	2022	Group3
MH5	2 - NAC	3	ROOM	2 - NAC-ROOM	309	2	0	2	2022	Group3
MH5	8 - NAC	3	DORMS	8 - NAC-DORMS	311	8	0	8	2022	Group3
MH5	8 - NAC	3	DORMS	8 - NAC-DORMS	312	8	0	8	2022	Group3
MH5	2 - NAC	3	ROOM	2 - NAC-ROOM	314	2	0	2	2022	Group3
MH5	8 - NAC	3	DORMS	8 - NAC-DORMS	315	8	0	8	2022	Group3
MH5	5 - NAC	3	ROOM	5 - NAC-ROOM	316	5	0	5	2022	Group3
MH5	5 - NAC	3	ROOM	5 - NAC-ROOM	317	5	0	5	2022	Group3
MH5	6 - NAC	3	ROOM	6 - NAC-ROOM	318	6	0	6	2022	Group3
MH5	5 - NAC	3	ROOM	5 - NAC-ROOM	319	5	0	5	2023	Group4
MH5	6 - NAC	3	ROOM	6 - NAC-ROOM	320	6	0	6	2023	Group4
MH5	6 - NAC	3	ROOM	6 - NAC-ROOM	321	6	0	6	2023	Group4
MH5	5 - NAC	4	ROOM	5 - NAC-ROOM	402	5	0	5	2023	Group4
MH5	12 - NAC	4	DORMS	12 - NAC-DORMS	405	12	0	12	2023	Group4
MH5	5 - NAC	4	ROOM	5 - NAC-ROOM	406	5	0	5	2023	Group4
MH5	5 - NAC	4	ROOM	5 - NAC-ROOM	407	5	0	5	2023	Group4
MH5	5 - NAC	4	ROOM	5 - NAC-ROOM	408	5	0	5	2023	Group4
MH5	5 - NAC	4	ROOM	5 - NAC-ROOM	409	5	0	5	2023	Group4
MH5	2 - NAC	4	ROOM	2 - NAC-ROOM	410	2	0	2	2023	Group4
MH5	5 - NAC	4	ROOM	5 - NAC-ROOM	412	5	0	5	2023	Group4
MH5	5 - NAC	4	ROOM	5 - NAC-ROOM	413	5	0	5	2023	Group4
MH5	5 - NAC	4	ROOM	5 - NAC-ROOM	414	5	0	5	2023	Group4
MH5	5 - NAC	4	ROOM	5 - NAC-ROOM	415	5	0	5	2023	Group4
MH5	2 - NAC	4	ROOM	2 - NAC-ROOM	417	2	0	2	2023	Group4
MH5	5 - NAC	4	ROOM	5 - NAC-ROOM	418	5	0	5	2023	Group4
MH5	5 - NAC	4	ROOM	5 - NAC-ROOM	419	5	0	5	2023	Group4
MH5	2 - NAC	4	ROOM	2 - NAC-ROOM	420	2	0	2	2023	Group4
MH5	2 - NAC	4	ROOM	2 - NAC-ROOM	421	2	0	2	2023	Group4
MH5	2 - NAC	4	ROOM	2 - NAC-ROOM	422	2	0	2	2023	Group4
MH5	2 - NAC	4	ROOM	2 - NAC-ROOM	423	2	0	2	2023	Group4
MH5	2 - NAC	4	ROOM	2 - NAC-ROOM	424	2	0	2	2023	Group4
MH5	2 - NAC	4	ROOM	2 - NAC-ROOM	425	2	0	2	2023	Group4
MH5	2 - NAC	4	ROOM	2 - NAC-ROOM	426	2	0	2	2023	Group4
MH5	2 - NAC	4	ROOM	2 - NAC-ROOM	427	2	0	2	2023	Group4
MH5	2 - NAC	4	ROOM	2 - NAC-ROOM	428	2	0	2	2023	Group4
MH5	2 - NAC	4	ROOM	2 - NAC-ROOM	429	2	0	2	2023	Group4
MH5	2 - NAC	4	ROOM	2 - NAC-ROOM	430	2	0	2	2023	Group4
MH5	2 - NAC	4	ROOM	2 - NAC-ROOM	431	2	0	2	2023	Group4
MH5	2 - NAC	4	ROOM	2 - NAC-ROOM	432	2	0	2	2023	Group4
MH5	2 - NAC	4	ROOM	2 - NAC-ROOM	433	2	0	2	2023	Group4
MH5	2 - NAC	4	ROOM	2 - NAC-ROOM	434	2	0	2	2023	Group4
MH5	5 - NAC	5	ROOM	5 - NAC-ROOM	502	5	0	5	2023	Group4
MH5	5 - NAC	5	ROOM	5 - NAC-ROOM	505	5	0	5	2023	Group4
MH5	5 - NAC	5	ROOM	5 - NAC-ROOM	506	5	0	5	2023	Group4
MH5	5 - NAC	5	ROOM	5 - NAC-ROOM	507	5	0	5	2023	Group4
MH5	5 - NAC	5	ROOM	5 - NAC-ROOM	508	5	0	5	2023	Group4
MH5	2 - NAC	5	ROOM	2 - NAC-ROOM	509	2	0	2	2023	Group4
MH5	5 - NAC	5	ROOM	5 - NAC-ROOM	511	5	0	5	2023	Group4
MH5	5 - NAC	5	ROOM	5 - NAC-ROOM	512	5	0	5	2023	Group4
MH5	5 - NAC	5	ROOM	5 - NAC-ROOM	513	5	0	5	2023	Group4
MH5	5 - NAC	5	ROOM	5 - NAC-ROOM	514	5	0	5	2023	Group4
MH5	2 - NAC	5	ROOM	2 - NAC-ROOM	516	2	0	2	2023	Group4
MH5	5 - NAC	5	ROOM	5 - NAC-ROOM	517	5	0	5	2023	Group4
MH5	5 - NAC	5	ROOM	5 - NAC-ROOM	518	5	0	5	2023	Group4
MH5	2 - NAC	5	ROOM	2 - NAC-ROOM	519	2	0	2	2023	Group4
MH5	2 - NAC	5	ROOM	2 - NAC-ROOM	520	2	0	2	2023	Group4
MH5	2 - NAC	5	ROOM	2 - NAC-ROOM	521	2	0	2	2023	Group4
MH5	2 - NAC	5	ROOM	2 - NAC-ROOM	522	2	0	2	2023	Group4
MH5	2 - NAC	5	ROOM	2 - NAC-ROOM	523	2	0	2	2023	Group4
MH5	2 - NAC	5	ROOM	2 - NAC-ROOM	524	2	0	2	2023	Group4
MH5	2 - NAC	5	ROOM	2 - NAC-ROOM	525	2	0	2	2023	Group4
MH5	2 - NAC	5	ROOM	2 - NAC-ROOM	526	2	0	2	2023	Group4
MH5	2 - NAC	5	ROOM	2 - NAC-ROOM	527	2	0	2	2023	Group4
MH5	2 - NAC	5	ROOM	2 - NAC-ROOM	528	2	0	2	2023	Group4
MH5	2 - NAC	5	ROOM	2 - NAC-ROOM	529	2	0	2	2023	Group4
MH5	2 - NAC	5	ROOM	2 - NAC-ROOM	530	2	0	2	2023	Group4
MH5	2 - NAC	5	ROOM	2 - NAC-ROOM	531	2	0	2	2023	Group4
MH5	2 - NAC	5	ROOM	2 - NAC-ROOM	532	2	0	2	2023	Group4
MH5	2 - NAC	5	ROOM	2 - NAC-ROOM	533	2	0	2	2023	Group4
CB	15 - NAC	5	DORMS	15 - NAC-DORMS	501	15	0	15	2022	Group3
CB	9 - AC	5	DORMS	9 - AC-DORMS	502-A	9	0	9	2022	Group3
CB	9 - AC	5	DORMS	9 - AC-DORMS	502-B	8	0	8	2022	Group3
CB	8 - AC	5	DORMS	8 - AC-DORMS	502-C	8	0	8	2022	Group3
CB	9 - AC	5	DORMS	9 - AC-DORMS	502-D	9	0	9	2022	Group3
CB	8 - AC	5	DORMS	8 - AC-DORMS	502-E	8	0	8	2022	Group3
CB	8 - AC	5	DORMS	8 - AC-DORMS	502-F	8	0	8	2022	Group3
CB	9 - AC	5	DORMS	9 - AC-DORMS	502-G	9	0	9	2022	Group3
CB	15 - NAC	5	DORMS	15 - NAC-DORMS	504	15	0	15	2023	Group4
CB	15 - NAC	5	DORMS	15 - NAC-DORMS	505	15	0	15	2023	Group4
CB	15 - NAC	5	DORMS	15 - NAC-DORMS	506	15	0	15	2023	Group4
CB	12 - NAC	5	DORMS	12 - NAC-DORMS	508	12	0	12	2022	Group3
CB	15 - NAC	5	DORMS	15 - NAC-DORMS	511	15	0	15	2023	Group4
MH2	5 - AC	8	APT	5 - AC-APT	825A	5	0	5	2022	Group3
MH2	5 - AC	8	APT	5 - AC-APT	825B	5	0	5	2022	Group3
MH2	5 - AC	8	APT	5 - AC-APT	825C	5	0	5	2022	Group3
MH2	5 - AC	8	APT	5 - AC-APT	826A	5	0	5	2022	Group3
MH2	5 - AC	8	APT	5 - AC-APT	826B	5	0	5	2022	Group3
MH2	5 - AC	8	APT	5 - AC-APT	826C	5	0	5	2022	Group3
MH2	2 - AC	9	ROOM	2 - AC-ROOM	901	2	0	2	2022	Group3
MH2	2 - AC	9	ROOM	2 - AC-ROOM	902	2	0	2	2022	Group3
MH2	2 - AC	9	ROOM	2 - AC-ROOM	903	2	0	2	2022	Group3
MH2	2 - AC	9	ROOM	2 - AC-ROOM	904	2	0	2	2022	Group3
MH2	2 - AC	9	ROOM	2 - AC-ROOM	905	2	0	2	2022	Group3
MH2	2 - AC	9	ROOM	2 - AC-ROOM	906	2	0	2	2022	Group3
MH2	4 - AC	9	ROOM	4 - AC-ROOM	907	4	0	4	2022	Group3
MH2	4 - AC	9	ROOM	4 - AC-ROOM	908	4	0	4	2022	Group3
MH2	4 - AC	9	ROOM	4 - AC-ROOM	909	4	0	4	2022	Group3
MH2	4 - AC	9	ROOM	4 - AC-ROOM	910	4	0	4	2022	Group3
MH2	4 - AC	9	ROOM	4 - AC-ROOM	911	4	0	4	2022	Group3
MH2	4 - AC	9	ROOM	4 - AC-ROOM	912	4	0	4	2022	Group3
MH2	4 - AC	9	ROOM	4 - AC-ROOM	913	4	0	4	2022	Group3
MH2	4 - AC	9	ROOM	4 - AC-ROOM	914	4	0	4	2022	Group3
MH2	2 - AC	9	ROOM	2 - AC-ROOM	915	2	0	2	2022	Group3
MH2	2 - AC	9	ROOM	2 - AC-ROOM	916	2	0	2	2022	Group3
MH2	2 - AC	9	ROOM	2 - AC-ROOM	917	2	0	2	2022	Group3
MH2	2 - AC	9	ROOM	2 - AC-ROOM	918	2	0	2	2022	Group3
MH2	2 - AC	9	ROOM	2 - AC-ROOM	919	2	0	2	2022	Group3
MH2	2 - AC	9	ROOM	2 - AC-ROOM	920	2	0	2	2022	Group3
MH2	2 - AC	9	ROOM	2 - AC-ROOM	921	2	0	2	2022	Group3
MH2	2 - AC	9	ROOM	2 - AC-ROOM	922	2	0	2	2022	Group3
MH2	2 - AC	9	ROOM	2 - AC-ROOM	923	2	0	2	2022	Group3
MH2	2 - AC	9	ROOM	2 - AC-ROOM	924	2	0	2	2022	Group3
MH2	5 - AC	9	APT	5 - AC-APT	925A	5	0	5	2022	Group3
MH2	5 - AC	9	APT	5 - AC-APT	925B	5	0	5	2022	Group3
MH2	5 - AC	9	APT	5 - AC-APT	925C	5	0	5	2022	Group3
MH2	5 - AC	9	APT	5 - AC-APT	926A	5	0	5	2022	Group3
MH2	5 - AC	9	APT	5 - AC-APT	926B	5	0	5	2022	Group3
MH2	5 - AC	9	APT	5 - AC-APT	926C	5	0	5	2022	Group3
MH2	2 - AC	10	ROOM	2 - AC-ROOM	1001	2	0	2	2022	Group3
MH2	2 - AC	10	ROOM	2 - AC-ROOM	1002	2	0	2	2022	Group3
MH2	2 - AC	10	ROOM	2 - AC-ROOM	1003	2	0	2	2022	Group3
MH2	2 - AC	10	ROOM	2 - AC-ROOM	1004	2	0	2	2022	Group3
MH2	2 - AC	10	ROOM	2 - AC-ROOM	1005	2	0	2	2022	Group3
MH2	2 - AC	10	ROOM	2 - AC-ROOM	1006	2	0	2	2022	Group3
MH2	4 - AC	10	ROOM	4 - AC-ROOM	1007	4	0	4	2022	Group3
MH2	4 - AC	10	ROOM	4 - AC-ROOM	1008	4	0	4	2022	Group3
MH2	4 - AC	10	ROOM	4 - AC-ROOM	1009	4	0	4	2022	Group3
MH2	4 - AC	10	ROOM	4 - AC-ROOM	1010	4	0	4	2022	Group3
MH2	4 - AC	10	ROOM	4 - AC-ROOM	1011	4	0	4	2022	Group3
MH2	4 - AC	10	ROOM	4 - AC-ROOM	1012	4	0	4	2022	Group3
MH2	4 - AC	10	ROOM	4 - AC-ROOM	1013	4	0	4	2022	Group3
MH2	4 - AC	10	ROOM	4 - AC-ROOM	1014	4	0	4	2022	Group3
MH2	2 - AC	10	ROOM	2 - AC-ROOM	1015	2	0	2	2022	Group3
MH2	2 - AC	10	ROOM	2 - AC-ROOM	1016	2	0	2	2022	Group3
MH2	2 - AC	10	ROOM	2 - AC-ROOM	1017	2	0	2	2022	Group3
MH2	2 - AC	10	ROOM	2 - AC-ROOM	1018	2	0	2	2022	Group3
MH2	2 - AC	10	ROOM	2 - AC-ROOM	1019	2	0	2	2022	Group3
MH2	2 - AC	10	ROOM	2 - AC-ROOM	1020	2	0	2	2022	Group3
MH2	2 - AC	10	ROOM	2 - AC-ROOM	1021	2	0	2	2022	Group3
MH2	2 - AC	10	ROOM	2 - AC-ROOM	1022	2	0	2	2022	Group3
MH2	2 - AC	10	ROOM	2 - AC-ROOM	1023	2	0	2	2022	Group3
MH2	2 - AC	10	ROOM	2 - AC-ROOM	1024	2	0	2	2022	Group3
MH2	5 - AC	10	APT	5 - AC-APT	1025A	5	0	5	2023	Group4
MH2	5 - AC	10	APT	5 - AC-APT	1025B	5	0	5	2023	Group4
MH2	5 - AC	10	APT	5 - AC-APT	1025C	5	0	5	2023	Group4
MH2	5 - AC	10	APT	5 - AC-APT	1026A	5	0	5	2023	Group4
MH2	5 - AC	10	APT	5 - AC-APT	1026B	5	0	5	2023	Group4
MH2	5 - AC	10	APT	5 - AC-APT	1026C	5	0	5	2023	Group4
MH2	2 - AC	11	ROOM	2 - AC-ROOM	1101	2	0	2	2022	Group3
MH2	2 - AC	11	ROOM	2 - AC-ROOM	1102	2	0	2	2022	Group3
MH2	2 - AC	11	ROOM	2 - AC-ROOM	1103	2	0	2	2022	Group3
MH2	2 - AC	11	ROOM	2 - AC-ROOM	1104	2	0	2	2022	Group3
MH2	4 - AC	11	ROOM	4 - AC-ROOM	1105	4	0	4	2022	Group3
MH2	4 - AC	11	ROOM	4 - AC-ROOM	1106	4	0	4	2022	Group3
MH2	4 - AC	11	ROOM	4 - AC-ROOM	1107	4	0	4	2022	Group3
MH2	4 - AC	11	ROOM	4 - AC-ROOM	1108	4	0	4	2022	Group3
MH2	4 - AC	11	ROOM	4 - AC-ROOM	1109	4	0	4	2022	Group3
MH2	4 - AC	11	ROOM	4 - AC-ROOM	1110	4	0	4	2022	Group3
MH2	4 - AC	11	ROOM	4 - AC-ROOM	1111	4	0	4	2022	Group3
MH2	4 - AC	11	ROOM	4 - AC-ROOM	1112	4	0	4	2022	Group3
MH2	2 - AC	11	ROOM	2 - AC-ROOM	1113	2	0	2	2022	Group3
MH2	2 - AC	11	ROOM	2 - AC-ROOM	1114	2	0	2	2022	Group3
MH2	2 - AC	11	ROOM	2 - AC-ROOM	1115	2	0	2	2022	Group3
MH2	2 - AC	11	ROOM	2 - AC-ROOM	1116	2	0	2	2022	Group3
MH2	2 - AC	11	ROOM	2 - AC-ROOM	1117	2	0	2	2022	Group3
MH2	2 - AC	11	ROOM	2 - AC-ROOM	1118	2	0	2	2022	Group3
MH2	2 - AC	11	ROOM	2 - AC-ROOM	1119	2	0	2	2022	Group3
MH2	2 - AC	11	ROOM	2 - AC-ROOM	1120	2	0	2	2022	Group3
MH2	5 - AC	11	APT	5 - AC-APT	1121A	5	0	5	2023	Group4
MH2	5 - AC	11	APT	5 - AC-APT	1121B	5	0	5	2023	Group4
MH2	5 - AC	11	APT	5 - AC-APT	1121C	5	0	5	2023	Group4
MH2	4 - AC	11	ROOM	4 - AC-ROOM	1122	4	0	4	2022	Group3
MH2	4 - AC	11	ROOM	4 - AC-ROOM	1124	4	0	4	2022	Group3
MH2	2 - AC	12	ROOM	2 - AC-ROOM	1201	2	0	2	2022	Group3
MH2	2 - AC	12	ROOM	2 - AC-ROOM	1202	2	0	2	2022	Group3
MH2	2 - AC	12	ROOM	2 - AC-ROOM	1203	2	0	2	2022	Group3
MH2	2 - AC	12	ROOM	2 - AC-ROOM	1204	2	0	2	2022	Group3
MH2	2 - AC	12	ROOM	2 - AC-ROOM	1205	2	0	2	2022	Group3
MH2	2 - AC	12	ROOM	2 - AC-ROOM	1206	2	0	2	2022	Group3
MH2	4 - AC	12	ROOM	4 - AC-ROOM	1207	4	0	4	2022	Group3
MH2	4 - AC	12	ROOM	4 - AC-ROOM	1208	4	0	4	2022	Group3
MH2	4 - AC	12	ROOM	4 - AC-ROOM	1209	4	0	4	2022	Group3
MH2	4 - AC	12	ROOM	4 - AC-ROOM	1210	4	0	4	2022	Group3
MH2	4 - AC	12	ROOM	4 - AC-ROOM	1211	4	0	4	2022	Group3
MH2	4 - AC	12	ROOM	4 - AC-ROOM	1212	4	0	4	2022	Group3
MH2	4 - AC	12	ROOM	4 - AC-ROOM	1213	4	0	4	2022	Group3
MH2	4 - AC	12	ROOM	4 - AC-ROOM	1214	4	0	4	2022	Group3
MH2	2 - AC	12	ROOM	2 - AC-ROOM	1215	2	0	2	2022	Group3
MH2	2 - AC	12	ROOM	2 - AC-ROOM	1216	2	0	2	2022	Group3
MH2	2 - AC	12	ROOM	2 - AC-ROOM	1217	2	0	2	2022	Group3
MH2	2 - AC	12	ROOM	2 - AC-ROOM	1218	2	0	2	2022	Group3
MH2	2 - AC	12	ROOM	2 - AC-ROOM	1219	2	0	2	2022	Group3
MH2	2 - AC	12	ROOM	2 - AC-ROOM	1220	2	0	2	2022	Group3
MH2	2 - AC	12	ROOM	2 - AC-ROOM	1221	2	0	2	2022	Group3
MH2	2 - AC	12	ROOM	2 - AC-ROOM	1222	2	0	2	2022	Group3
MH2	2 - AC	12	ROOM	2 - AC-ROOM	1223	2	0	2	2022	Group3
MH2	2 - AC	12	ROOM	2 - AC-ROOM	1224	2	0	2	2022	Group3
MH2	5 - AC	12	APT	5 - AC-APT	1225A	5	0	5	2023	Group4
MH2	5 - AC	12	APT	5 - AC-APT	1225B	5	0	5	2023	Group4
MH2	5 - AC	12	APT	5 - AC-APT	1225C	5	0	5	2023	Group4
MH2	5 - AC	12	APT	5 - AC-APT	1226A	5	0	5	2023	Group4
MH2	5 - AC	12	APT	5 - AC-APT	1226B	5	0	5	2023	Group4
MH2	5 - AC	12	APT	5 - AC-APT	1226C	5	0	5	2023	Group4
MH2	2 - AC	13	ROOM	2 - AC-ROOM	1301	2	0	2	2022	Group3
MH2	2 - AC	13	ROOM	2 - AC-ROOM	1302	2	0	2	2022	Group3
MH2	2 - AC	13	ROOM	2 - AC-ROOM	1303	2	0	2	2022	Group3
MH2	2 - AC	13	ROOM	2 - AC-ROOM	1304	2	0	2	2022	Group3
MH2	2 - AC	13	ROOM	2 - AC-ROOM	1305	2	0	2	2022	Group3
MH2	2 - AC	13	ROOM	2 - AC-ROOM	1306	2	0	2	2022	Group3
MH2	4 - AC	13	ROOM	4 - AC-ROOM	1307	4	0	4	2022	Group3
MH2	4 - AC	13	ROOM	4 - AC-ROOM	1308	4	0	4	2022	Group3
MH2	4 - AC	13	ROOM	4 - AC-ROOM	1309	4	0	4	2022	Group3
MH2	4 - AC	13	ROOM	4 - AC-ROOM	1310	4	0	4	2022	Group3
MH2	4 - AC	13	ROOM	4 - AC-ROOM	1311	4	0	4	2022	Group3
MH2	4 - AC	13	ROOM	4 - AC-ROOM	1312	4	0	4	2022	Group3
MH2	4 - AC	13	ROOM	4 - AC-ROOM	1313	4	0	4	2022	Group3
MH2	4 - AC	13	ROOM	4 - AC-ROOM	1314	4	0	4	2022	Group3
MH2	2 - AC	13	ROOM	2 - AC-ROOM	1315	2	0	2	2022	Group3
MH2	2 - AC	13	ROOM	2 - AC-ROOM	1316	2	0	2	2022	Group3
MH2	2 - AC	13	ROOM	2 - AC-ROOM	1317	2	0	2	2022	Group3
MH2	2 - AC	13	ROOM	2 - AC-ROOM	1318	2	0	2	2022	Group3
MH2	2 - AC	13	ROOM	2 - AC-ROOM	1319	2	0	2	2022	Group3
MH2	2 - AC	13	ROOM	2 - AC-ROOM	1320	2	0	2	2022	Group3
MH2	2 - AC	13	ROOM	2 - AC-ROOM	1321	2	0	2	2022	Group3
MH2	2 - AC	13	ROOM	2 - AC-ROOM	1322	2	0	2	2022	Group3
MH2	2 - AC	13	ROOM	2 - AC-ROOM	1323	2	0	2	2022	Group3
MH2	2 - AC	13	ROOM	2 - AC-ROOM	1324	2	0	2	2022	Group3
MH2	5 - AC	13	APT	5 - AC-APT	1325A	5	0	5	2023	Group4
MH2	5 - AC	13	APT	5 - AC-APT	1325B	5	0	5	2023	Group4
MH2	5 - AC	13	APT	5 - AC-APT	1325C	5	0	5	2023	Group4
MH2	5 - AC	13	APT	5 - AC-APT	1326A	5	0	5	2023	Group4
MH2	5 - AC	13	APT	5 - AC-APT	1326B	5	0	5	2022	Group3
MH2	5 - AC	13	APT	5 - AC-APT	1326C	5	0	5	2022	Group3
MH2	2 - AC	14	ROOM	2 - AC-ROOM	1401	2	0	2	2022	Group3
MH2	2 - AC	14	ROOM	2 - AC-ROOM	1402	2	0	2	2022	Group3
MH2	2 - AC	14	ROOM	2 - AC-ROOM	1403	2	0	2	2023	Group4
MH2	2 - AC	14	ROOM	2 - AC-ROOM	1404	2	0	2	2023	Group4
MH2	2 - AC	14	ROOM	2 - AC-ROOM	1405	2	0	2	2023	Group4
MH2	2 - AC	14	ROOM	2 - AC-ROOM	1406	2	0	2	2023	Group4
MH2	4 - AC	14	ROOM	4 - AC-ROOM	1407	4	0	4	2023	Group4
MH2	4 - AC	14	ROOM	4 - AC-ROOM	1408	4	0	4	2023	Group4
MH2	4 - AC	14	ROOM	4 - AC-ROOM	1409	4	0	4	2023	Group4
MH2	4 - AC	14	ROOM	4 - AC-ROOM	1410	4	0	4	2023	Group4
MH2	4 - AC	14	ROOM	4 - AC-ROOM	1411	4	0	4	2023	Group4
MH2	4 - AC	14	ROOM	4 - AC-ROOM	1412	4	0	4	2023	Group4
MH2	4 - AC	14	ROOM	4 - AC-ROOM	1413	4	0	4	2023	Group4
MH2	4 - AC	14	ROOM	4 - AC-ROOM	1414	4	0	4	2023	Group4
MH2	2 - AC	14	ROOM	2 - AC-ROOM	1415	2	0	2	2023	Group4
MH2	2 - AC	14	ROOM	2 - AC-ROOM	1416	2	0	2	2023	Group4
MH2	2 - AC	14	ROOM	2 - AC-ROOM	1417	2	0	2	2023	Group4
MH2	2 - AC	14	ROOM	2 - AC-ROOM	1418	2	0	2	2023	Group4
MH2	2 - AC	14	ROOM	2 - AC-ROOM	1419	2	0	2	2023	Group4
MH2	2 - AC	14	ROOM	2 - AC-ROOM	1420	2	0	2	2023	Group4
MH2	2 - AC	14	ROOM	2 - AC-ROOM	1421	2	0	2	2023	Group4
MH2	2 - AC	14	ROOM	2 - AC-ROOM	1422	2	0	2	2023	Group4
MH2	2 - AC	14	ROOM	2 - AC-ROOM	1423	2	0	2	2023	Group4
MH2	2 - AC	14	ROOM	2 - AC-ROOM	1424	2	0	2	2023	Group4
MH2	5 - AC	14	APT	5 - AC-APT	1425A	5	0	5	2022	Group3
MH2	5 - AC	14	APT	5 - AC-APT	1425B	5	0	5	2022	Group3
MH2	5 - AC	14	APT	5 - AC-APT	1425C	5	0	5	2022	Group3
MH2	5 - AC	14	APT	5 - AC-APT	1426A	5	0	5	2022	Group3
MH2	5 - AC	14	APT	5 - AC-APT	1426B	5	0	5	2022	Group3
MH2	5 - AC	14	APT	5 - AC-APT	1426C	5	0	5	2022	Group3
MH2	10 - NAC	0	DORMS	10 - NAC-DORMS	G01	10	0	10	2023	Group4
MH2	10 - NAC	0	DORMS	10 - NAC-DORMS	G02	10	0	10	2023	Group4
MH2	12 - NAC	0	DORMS	12 - NAC-DORMS	G04	12	0	12	2023	Group4
MH3	2 - NAC	2	ROOM	2 - NAC-ROOM	200	2	0	2	2022	Group3
MH3	8 - NAC	2	DORMS	8 - NAC-DORMS	201	8	0	8	2022	Group3
MH3	5 - NAC	2	APT	5 - NAC-APT	202A	5	0	5	2022	Group3
MH3	5 - NAC	2	APT	5 - NAC-APT	202B	5	0	5	2022	Group3
MH3	5 - NAC	2	APT	5 - NAC-APT	202C	5	0	5	2022	Group3
MH3	4 - NAC	2	ROOM	4 - NAC-ROOM	203	4	0	4	2022	Group3
MH3	4 - NAC	2	ROOM	4 - NAC-ROOM	204	4	0	4	2022	Group3
MH3	4 - NAC	2	ROOM	4 - NAC-ROOM	205	4	0	4	2022	Group3
MH3	4 - NAC	2	ROOM	4 - NAC-ROOM	206	4	0	4	2022	Group3
MH3	4 - NAC	2	ROOM	4 - NAC-ROOM	208	4	0	4	2022	Group3
MH3	2 - NAC	2	ROOM	2 - NAC-ROOM	209	2	0	2	2022	Group3
MH3	2 - NAC	2	ROOM	2 - NAC-ROOM	210	2	0	2	2022	Group3
MH3	2 - NAC	2	ROOM	2 - NAC-ROOM	211	2	0	2	2022	Group3
MH3	2 - NAC	2	ROOM	2 - NAC-ROOM	212	2	0	2	2022	Group3
MH3	2 - NAC	2	ROOM	2 - NAC-ROOM	213	2	0	2	2022	Group3
MH3	4 - NAC	2	ROOM	4 - NAC-ROOM	217	4	0	4	2022	Group3
MH3	4 - NAC	2	ROOM	4 - NAC-ROOM	218	4	0	4	2022	Group3
MH3	2 - NAC	2	ROOM	2 - NAC-ROOM	225	2	0	2	2022	Group3
MH3	4 - NAC	2	ROOM	4 - NAC-ROOM	226	4	0	4	2022	Group3
MH3	5 - NAC	2	APT	5 - NAC-APT	227A	5	0	5	2022	Group3
MH3	5 - NAC	2	APT	5 - NAC-APT	227B	5	0	5	2022	Group3
MH3	5 - NAC	2	APT	5 - NAC-APT	227C	5	0	5	2022	Group3
MH3	2 - NAC	3	ROOM	2 - NAC-ROOM	300	2	0	2	2022	Group3
MH3	5 - NAC	3	APT	5 - NAC-APT	301A	5	0	5	2022	Group3
MH3	5 - NAC	3	APT	5 - NAC-APT	302A	5	0	5	2022	Group3
MH3	5 - NAC	3	APT	5 - NAC-APT	302B	5	0	5	2022	Group3
MH3	5 - NAC	3	APT	5 - NAC-APT	302C	5	0	5	2022	Group3
MH3	4 - NAC	3	ROOM	4 - NAC-ROOM	303	4	0	4	2022	Group3
MH3	4 - NAC	3	ROOM	4 - NAC-ROOM	304	4	0	4	2022	Group3
MH3	4 - NAC	3	ROOM	4 - NAC-ROOM	305	4	0	4	2022	Group3
MH3	4 - NAC	3	ROOM	4 - NAC-ROOM	306	4	0	4	2022	Group3
MH3	4 - NAC	3	ROOM	4 - NAC-ROOM	308	4	0	4	2022	Group3
MH3	2 - NAC	3	ROOM	2 - NAC-ROOM	309	2	0	2	2022	Group3
MH3	2 - NAC	3	ROOM	2 - NAC-ROOM	310	2	0	2	2022	Group3
MH3	2 - NAC	3	ROOM	2 - NAC-ROOM	311	2	0	2	2022	Group3
MH3	2 - NAC	3	ROOM	2 - NAC-ROOM	312	2	0	2	2022	Group3
MH3	2 - NAC	3	ROOM	2 - NAC-ROOM	313	2	0	2	2022	Group3
MH3	4 - NAC	3	ROOM	4 - NAC-ROOM	316	4	0	4	2022	Group3
MH3	4 - NAC	3	ROOM	4 - NAC-ROOM	317	4	0	4	2022	Group3
MH3	4 - NAC	3	ROOM	4 - NAC-ROOM	318	4	0	4	2022	Group3
MH3	4 - NAC	3	ROOM	4 - NAC-ROOM	319	4	0	4	2022	Group3
MH3	2 - NAC	3	ROOM	2 - NAC-ROOM	321	2	0	2	2022	Group3
MH3	2 - NAC	3	ROOM	2 - NAC-ROOM	322	2	0	2	2022	Group3
MH3	2 - NAC	3	ROOM	2 - NAC-ROOM	323	2	0	2	2022	Group3
MH3	2 - NAC	3	ROOM	2 - NAC-ROOM	324	2	0	2	2022	Group3
MH3	2 - NAC	3	ROOM	2 - NAC-ROOM	325	2	0	2	2022	Group3
MH3	4 - NAC	3	ROOM	4 - NAC-ROOM	326	4	0	4	2022	Group3
MH3	5 - NAC	3	APT	5 - NAC-APT	327A	5	0	5	2022	Group3
MH3	5 - NAC	3	APT	5 - NAC-APT	327B	5	0	5	2022	Group3
MH3	5 - NAC	3	APT	5 - NAC-APT	327C	5	0	5	2022	Group3
MH3	2 - NAC	4	ROOM	2 - NAC-ROOM	400	2	0	2	2022	Group3
MH3	5 - NAC	4	APT	5 - NAC-APT	402A	5	0	5	2022	Group3
MH3	5 - NAC	4	APT	5 - NAC-APT	402B	5	0	5	2022	Group3
MH3	4 - NAC	4	ROOM	4 - NAC-ROOM	403	4	0	4	2022	Group3
MH3	4 - NAC	4	ROOM	4 - NAC-ROOM	404	4	0	4	2022	Group3
MH3	4 - NAC	4	ROOM	4 - NAC-ROOM	406	4	0	4	2022	Group3
MH3	4 - NAC	4	ROOM	4 - NAC-ROOM	408	4	0	4	2022	Group3
MH3	2 - NAC	4	ROOM	2 - NAC-ROOM	409	2	0	2	2022	Group3
MH3	2 - NAC	4	ROOM	2 - NAC-ROOM	410	2	0	2	2022	Group3
MH3	2 - NAC	4	ROOM	2 - NAC-ROOM	411	2	0	2	2022	Group3
MH3	2 - NAC	4	ROOM	2 - NAC-ROOM	412	2	0	2	2022	Group3
MH3	2 - NAC	4	ROOM	2 - NAC-ROOM	413	2	0	2	2022	Group3
MH3	4 - NAC	4	ROOM	4 - NAC-ROOM	416	4	0	4	2022	Group3
MH3	4 - NAC	4	ROOM	4 - NAC-ROOM	417	4	0	4	2022	Group3
MH3	4 - NAC	4	ROOM	4 - NAC-ROOM	418	4	0	4	2022	Group3
MH3	4 - NAC	4	ROOM	4 - NAC-ROOM	419	4	0	4	2022	Group3
MH3	2 - NAC	4	ROOM	2 - NAC-ROOM	421	2	0	2	2022	Group3
MH3	2 - NAC	4	ROOM	2 - NAC-ROOM	422	2	0	2	2022	Group3
MH3	2 - NAC	4	ROOM	2 - NAC-ROOM	423	2	0	2	2022	Group3
MH3	2 - NAC	4	ROOM	2 - NAC-ROOM	424	2	0	2	2022	Group3
MH3	2 - NAC	4	ROOM	2 - NAC-ROOM	425	2	0	2	2022	Group3
MH3	4 - NAC	4	ROOM	4 - NAC-ROOM	426	4	0	4	2022	Group3
MH3	2 - NAC	5	ROOM	2 - NAC-ROOM	500	2	0	2	2022	Group3
MH3	5 - NAC	5	APT	5 - NAC-APT	502A	5	0	5	2022	Group3
MH3	5 - NAC	5	APT	5 - NAC-APT	502B	5	0	5	2022	Group3
MH3	5 - NAC	5	APT	5 - NAC-APT	502C	5	0	5	2022	Group3
MH3	4 - NAC	5	ROOM	4 - NAC-ROOM	503	4	0	4	2022	Group3
MH3	4 - NAC	5	ROOM	4 - NAC-ROOM	504	4	0	4	2022	Group3
MH3	4 - NAC	5	ROOM	4 - NAC-ROOM	505	4	0	4	2022	Group3
MH3	4 - NAC	5	ROOM	4 - NAC-ROOM	506	4	0	4	2022	Group3
MH3	4 - NAC	5	ROOM	4 - NAC-ROOM	508	4	0	4	2022	Group3
MH3	2 - NAC	5	ROOM	2 - NAC-ROOM	509	2	0	2	2022	Group3
MH3	2 - NAC	5	ROOM	2 - NAC-ROOM	510	2	0	2	2022	Group3
MH3	2 - NAC	5	ROOM	2 - NAC-ROOM	511	2	0	2	2022	Group3
MH3	2 - NAC	5	ROOM	2 - NAC-ROOM	512	2	0	2	2022	Group3
MH3	2 - NAC	5	ROOM	2 - NAC-ROOM	513	2	0	2	2022	Group3
MH3	4 - NAC	5	ROOM	4 - NAC-ROOM	516	4	0	4	2022	Group3
MH3	4 - NAC	5	ROOM	4 - NAC-ROOM	517	4	0	4	2022	Group3
MH3	4 - NAC	5	ROOM	4 - NAC-ROOM	518	4	0	4	2022	Group3
MH3	4 - NAC	5	ROOM	4 - NAC-ROOM	519	4	0	4	2022	Group3
MH3	2 - NAC	5	ROOM	2 - NAC-ROOM	521	2	0	2	2022	Group3
MH3	2 - NAC	5	ROOM	2 - NAC-ROOM	522	2	0	2	2022	Group3
MH3	2 - NAC	5	ROOM	2 - NAC-ROOM	523	2	0	2	2022	Group3
MH3	2 - NAC	5	ROOM	2 - NAC-ROOM	524	2	0	2	2022	Group3
MH3	4 - NAC	6	ROOM	4 - NAC-ROOM	604	4	0	4	2022	Group3
MH3	4 - NAC	6	ROOM	4 - NAC-ROOM	605	4	0	4	2022	Group3
MH3	4 - NAC	6	ROOM	4 - NAC-ROOM	606	4	0	4	2022	Group3
MH3	4 - NAC	6	ROOM	4 - NAC-ROOM	608	4	0	4	2022	Group3
MH3	2 - NAC	6	ROOM	2 - NAC-ROOM	609	2	0	2	2022	Group3
MH3	2 - NAC	6	ROOM	2 - NAC-ROOM	610	2	0	2	2022	Group3
MH3	2 - NAC	6	ROOM	2 - NAC-ROOM	611	2	0	2	2022	Group3
MH3	2 - NAC	6	ROOM	2 - NAC-ROOM	612	2	0	2	2022	Group3
MH3	2 - NAC	6	ROOM	2 - NAC-ROOM	613	2	0	2	2022	Group3
MH3	4 - NAC	6	ROOM	4 - NAC-ROOM	616	4	0	4	2022	Group3
MH3	4 - NAC	6	ROOM	4 - NAC-ROOM	617	4	0	4	2022	Group3
MH3	4 - NAC	4	ROOM	4 - NAC-ROOM	405	4	0	4	2022	Group3
MH3	4 - NAC	6	ROOM	4 - NAC-ROOM	618	4	0	4	2022	Group3
MH3	4 - NAC	6	ROOM	4 - NAC-ROOM	619	4	0	4	2022	Group3
MH3	2 - NAC	6	ROOM	2 - NAC-ROOM	621	2	0	2	2022	Group3
MH3	2 - NAC	6	ROOM	2 - NAC-ROOM	622	2	0	2	2022	Group3
MH3	2 - NAC	6	ROOM	2 - NAC-ROOM	623	2	0	2	2022	Group3
MH3	2 - NAC	6	ROOM	2 - NAC-ROOM	624	2	0	2	2022	Group3
MH3	2 - NAC	6	ROOM	2 - NAC-ROOM	625	2	0	2	2022	Group3
MH3	4 - NAC	6	ROOM	4 - NAC-ROOM	626	4	0	4	2022	Group3
MH3	2 - NAC	7	ROOM	2 - NAC-ROOM	700	2	0	2	2022	Group3
MH3	4 - NAC	7	ROOM	4 - NAC-ROOM	703	4	0	4	2022	Group3
MH3	4 - NAC	7	ROOM	4 - NAC-ROOM	704	4	0	4	2022	Group3
MH3	4 - NAC	7	ROOM	4 - NAC-ROOM	705	4	0	4	2022	Group3
MH3	4 - NAC	7	ROOM	4 - NAC-ROOM	706	4	0	4	2023	Group4
MH3	4 - NAC	7	ROOM	4 - NAC-ROOM	708	4	0	4	2023	Group4
MH3	2 - NAC	7	ROOM	2 - NAC-ROOM	709	2	0	2	2023	Group4
MH3	2 - NAC	7	ROOM	2 - NAC-ROOM	710	2	0	2	2023	Group4
MH3	2 - NAC	7	ROOM	2 - NAC-ROOM	711	2	0	2	2023	Group4
MH3	2 - NAC	7	ROOM	2 - NAC-ROOM	712	2	0	2	2023	Group4
MH3	2 - NAC	7	ROOM	2 - NAC-ROOM	713	2	0	2	2023	Group4
MH3	4 - NAC	7	ROOM	4 - NAC-ROOM	716	4	0	4	2023	Group4
MH3	4 - NAC	7	ROOM	4 - NAC-ROOM	717	4	0	4	2023	Group4
MH3	4 - NAC	7	ROOM	4 - NAC-ROOM	718	4	0	4	2023	Group4
MH3	4 - NAC	7	ROOM	4 - NAC-ROOM	719	4	0	4	2023	Group4
MH3	2 - NAC	7	ROOM	2 - NAC-ROOM	721	2	0	2	2023	Group4
MH3	2 - NAC	7	ROOM	2 - NAC-ROOM	722	2	0	2	2023	Group4
MH3	2 - NAC	7	ROOM	2 - NAC-ROOM	723	2	0	2	2023	Group4
MH3	2 - NAC	7	ROOM	2 - NAC-ROOM	724	2	0	2	2023	Group4
MH3	2 - NAC	7	ROOM	2 - NAC-ROOM	725	2	0	2	2023	Group4
MH3	4 - NAC	7	ROOM	4 - NAC-ROOM	726	4	0	4	2023	Group4
MH3	5 - NAC	7	APT	5 - NAC-APT	727A	5	0	5	2023	Group4
MH3	5 - NAC	7	APT	5 - NAC-APT	727B	5	0	5	2023	Group4
MH3	5 - NAC	7	APT	5 - NAC-APT	727C	5	0	5	2023	Group4
MH3	2 - NAC	8	ROOM	2 - NAC-ROOM	800	2	0	2	2023	Group4
MH3	8 - NAC	8	DORMS	8 - NAC-DORMS	801	8	0	8	2023	Group4
MH3	4 - NAC	8	ROOM	4 - NAC-ROOM	803	4	0	4	2023	Group4
MH3	4 - NAC	8	ROOM	4 - NAC-ROOM	804	4	0	4	2023	Group4
MH3	4 - NAC	8	ROOM	4 - NAC-ROOM	805	4	0	4	2023	Group4
MH3	4 - NAC	8	ROOM	4 - NAC-ROOM	808	4	0	4	2023	Group4
MH3	2 - NAC	8	ROOM	2 - NAC-ROOM	809	2	0	2	2023	Group4
MH3	2 - NAC	8	ROOM	2 - NAC-ROOM	810	2	0	2	2023	Group4
MH3	2 - NAC	8	ROOM	2 - NAC-ROOM	811	2	0	2	2023	Group4
MH3	2 - NAC	8	ROOM	2 - NAC-ROOM	812	2	0	2	2023	Group4
MH3	2 - NAC	8	ROOM	2 - NAC-ROOM	813	2	0	2	2023	Group4
MH3	4 - NAC	8	ROOM	4 - NAC-ROOM	816	4	0	4	2023	Group4
MH3	4 - NAC	8	ROOM	4 - NAC-ROOM	817	4	0	4	2023	Group4
MH3	4 - NAC	8	ROOM	4 - NAC-ROOM	818	4	0	4	2023	Group4
MH3	4 - NAC	8	ROOM	4 - NAC-ROOM	819	4	0	4	2023	Group4
MH3	2 - NAC	8	ROOM	2 - NAC-ROOM	821	2	0	2	2023	Group4
MH3	2 - NAC	8	ROOM	2 - NAC-ROOM	822	2	0	2	2023	Group4
MH3	2 - NAC	8	ROOM	2 - NAC-ROOM	823	2	0	2	2023	Group4
MH3	2 - NAC	8	ROOM	2 - NAC-ROOM	824	2	0	2	2023	Group4
MH3	2 - NAC	8	ROOM	2 - NAC-ROOM	825	2	0	2	2023	Group4
MH3	4 - NAC	8	ROOM	4 - NAC-ROOM	826	4	0	4	2023	Group4
MH3	5 - NAC	7	APT	5 - NAC-APT	702A	5	0	5	2022	Group3
MH3	5 - NAC	7	APT	5 - NAC-APT	702C	5	0	5	2022	Group3
MH3	5 - NAC	8	APT	5 - NAC-APT	802A	5	0	5	2023	Group4
MH3	5 - NAC	8	APT	5 - NAC-APT	802C	5	0	5	2023	Group4
MH3	5 - NAC	8	APT	5 - NAC-APT	802B	5	0	5	2023	Group4
MH3	5 - NAC	8	APT	5 - NAC-APT	827A	5	0	5	2023	Group4
MH3	5 - NAC	5	APT	5 - NAC-APT	527A	5	0	5	2022	Group3
MH3	2 - NAC	9	ROOM	2 - NAC-ROOM	910	2	0	2	2023	Group4
MH3	2 - NAC	9	ROOM	2 - NAC-ROOM	911	2	0	2	2023	Group4
MH3	2 - NAC	9	ROOM	2 - NAC-ROOM	912	2	0	2	2023	Group4
MH3	2 - NAC	9	ROOM	2 - NAC-ROOM	913	2	0	2	2023	Group4
MH3	4 - NAC	9	ROOM	4 - NAC-ROOM	916	4	0	4	2023	Group4
MH3	4 - NAC	9	ROOM	4 - NAC-ROOM	917	4	0	4	2023	Group4
MH3	4 - NAC	9	ROOM	4 - NAC-ROOM	918	4	0	4	2023	Group4
MH3	4 - NAC	9	ROOM	4 - NAC-ROOM	919	4	0	4	2023	Group4
MH3	2 - NAC	9	ROOM	2 - NAC-ROOM	921	2	0	2	2023	Group4
MH3	2 - NAC	9	ROOM	2 - NAC-ROOM	922	2	0	2	2023	Group4
MH3	2 - NAC	9	ROOM	2 - NAC-ROOM	923	2	0	2	2023	Group4
MH3	2 - NAC	9	ROOM	2 - NAC-ROOM	924	2	0	2	2023	Group4
MH3	2 - NAC	9	ROOM	2 - NAC-ROOM	925	2	0	2	2023	Group4
MH3	4 - NAC	9	ROOM	4 - NAC-ROOM	926	4	0	4	2023	Group4
MH3	2 - NAC	10	ROOM	2 - NAC-ROOM	1000	2	0	2	2023	Group4
MH3	8 - NAC	10	DORMS	8 - NAC-DORMS	1001	8	0	8	2023	Group4
MH3	4 - NAC	10	ROOM	4 - NAC-ROOM	1003	4	0	4	2023	Group4
MH3	4 - NAC	10	ROOM	4 - NAC-ROOM	1004	4	0	4	2023	Group4
MH3	4 - NAC	10	ROOM	4 - NAC-ROOM	1005	4	0	4	2023	Group4
MH3	4 - NAC	10	ROOM	4 - NAC-ROOM	1006	4	0	4	2023	Group4
MH3	4 - NAC	10	ROOM	4 - NAC-ROOM	1008	4	0	4	2023	Group4
MH3	2 - NAC	10	ROOM	2 - NAC-ROOM	1009	2	0	2	2023	Group4
MH3	2 - NAC	10	ROOM	2 - NAC-ROOM	1010	2	0	2	2023	Group4
MH3	2 - NAC	10	ROOM	2 - NAC-ROOM	1011	2	0	2	2023	Group4
MH3	2 - NAC	10	ROOM	2 - NAC-ROOM	1012	2	0	2	2023	Group4
MH3	2 - NAC	10	ROOM	2 - NAC-ROOM	1013	2	0	2	2023	Group4
MH3	4 - NAC	10	ROOM	4 - NAC-ROOM	1016	4	0	4	2023	Group4
MH3	4 - NAC	10	ROOM	4 - NAC-ROOM	1017	4	0	4	2023	Group4
MH3	4 - NAC	10	ROOM	4 - NAC-ROOM	1018	4	0	4	2023	Group4
MH3	4 - NAC	10	ROOM	4 - NAC-ROOM	1019	4	0	4	2023	Group4
MH3	4 - NAC	8	ROOM	4 - NAC-ROOM	806	4	0	4	2023	Group4
MH3	2 - NAC	10	ROOM	2 - NAC-ROOM	1021	2	0	2	2023	Group4
MH3	2 - NAC	10	ROOM	2 - NAC-ROOM	1022	2	0	2	2023	Group4
MH3	2 - NAC	10	ROOM	2 - NAC-ROOM	1023	2	0	2	2023	Group4
MH3	2 - NAC	10	ROOM	2 - NAC-ROOM	1024	2	0	2	2023	Group4
MH3	2 - NAC	10	ROOM	2 - NAC-ROOM	1025	2	0	2	2023	Group4
MH3	4 - NAC	10	ROOM	4 - NAC-ROOM	1026	4	0	4	2023	Group4
MH3	2 - NAC	11	ROOM	2 - NAC-ROOM	1100	2	0	2	2023	Group4
MH3	4 - NAC	11	ROOM	4 - NAC-ROOM	1103	4	0	4	2023	Group4
MH3	4 - NAC	11	ROOM	4 - NAC-ROOM	1104	4	0	4	2023	Group4
MH3	4 - NAC	11	ROOM	4 - NAC-ROOM	1105	4	0	4	2023	Group4
MH3	4 - NAC	11	ROOM	4 - NAC-ROOM	1106	4	0	4	2023	Group4
MH3	4 - NAC	11	ROOM	4 - NAC-ROOM	1108	4	0	4	2023	Group4
MH3	2 - NAC	11	ROOM	2 - NAC-ROOM	1109	2	0	2	2023	Group4
MH3	2 - NAC	11	ROOM	2 - NAC-ROOM	1110	2	0	2	2023	Group4
MH3	2 - NAC	11	ROOM	2 - NAC-ROOM	1111	2	0	2	2023	Group4
MH3	2 - NAC	11	ROOM	2 - NAC-ROOM	1112	2	0	2	2023	Group4
MH3	2 - NAC	11	ROOM	2 - NAC-ROOM	1113	2	0	2	2023	Group4
MH3	4 - NAC	11	ROOM	4 - NAC-ROOM	1116	4	0	4	2023	Group4
MH3	4 - NAC	11	ROOM	4 - NAC-ROOM	1117	4	0	4	2023	Group4
MH3	4 - NAC	11	ROOM	4 - NAC-ROOM	1118	4	0	4	2023	Group4
MH3	4 - NAC	11	ROOM	4 - NAC-ROOM	1119	4	0	4	2023	Group4
MH3	2 - NAC	11	ROOM	2 - NAC-ROOM	1121	2	0	2	2023	Group4
MH3	2 - NAC	11	ROOM	2 - NAC-ROOM	1122	2	0	2	2023	Group4
MH3	2 - NAC	11	ROOM	2 - NAC-ROOM	1123	2	0	2	2023	Group4
MH3	2 - NAC	11	ROOM	2 - NAC-ROOM	1124	2	0	2	2023	Group4
MH3	2 - NAC	11	ROOM	2 - NAC-ROOM	1125	2	0	2	2023	Group4
MH3	5 - NAC	8	APT	5 - NAC-APT	827C	5	0	5	2023	Group4
MH3	5 - NAC	9	APT	5 - NAC-APT	901A	5	0	5	2023	Group4
MH3	5 - NAC	10	APT	5 - NAC-APT	1002B	5	0	5	2023	Group4
MH3	5 - NAC	10	APT	5 - NAC-APT	1002A	5	0	5	2023	Group4
MH3	5 - NAC	10	APT	5 - NAC-APT	1002C	5	0	5	2023	Group4
MH3	5 - NAC	10	APT	5 - NAC-APT	1027B	5	0	5	2023	Group4
MH3	5 - NAC	10	APT	5 - NAC-APT	1027C	5	0	5	2023	Group4
MH3	5 - NAC	10	APT	5 - NAC-APT	1027A	5	0	5	2023	Group4
MH3	5 - NAC	11	APT	5 - NAC-APT	1101A	5	0	5	2023	Group4
MH3	5 - NAC	11	APT	5 - NAC-APT	1102B	5	0	5	2023	Group4
MH3	5 - NAC	11	APT	5 - NAC-APT	1102C	5	0	5	2023	Group4
MH3	5 - NAC	11	APT	5 - NAC-APT	1102A	5	0	5	2023	Group4
MH3	4 - NAC	12	ROOM	4 - NAC-ROOM	1206	4	0	4	2023	Group4
MH3	4 - NAC	12	ROOM	4 - NAC-ROOM	1208	4	0	4	2023	Group4
MH3	2 - NAC	12	ROOM	2 - NAC-ROOM	1209	2	0	2	2023	Group4
MH3	5 - NAC	12	APT	5 - NAC-APT	1202B	5	0	5	2023	Group4
MH3	5 - NAC	12	APT	5 - NAC-APT	1202A	5	0	5	2023	Group4
MH3	5 - NAC	12	APT	5 - NAC-APT	1202C	5	0	5	2023	Group4
MH4	4 - NAC	1	ROOM	4 - NAC-ROOM	102	4	0	4	2023	Group4
MH4	4 - NAC	1	ROOM	4 - NAC-ROOM	104	4	0	4	2023	Group4
MH4	4 - NAC	1	ROOM	4 - NAC-ROOM	105	4	0	4	2023	Group4
MH4	4 - NAC	1	ROOM	4 - NAC-ROOM	106	4	0	4	2021	Group2
MH4	4 - NAC	1	ROOM	4 - NAC-ROOM	107	4	0	4	2021	Group2
MH4	4 - NAC	1	ROOM	4 - NAC-ROOM	109	4	0	4	2021	Group2
MH4	4 - NAC	1	ROOM	4 - NAC-ROOM	110	4	0	4	2021	Group2
MH4	4 - NAC	1	ROOM	4 - NAC-ROOM	111	4	0	4	2021	Group2
MH4	4 - NAC	1	ROOM	4 - NAC-ROOM	112	4	0	4	2021	Group2
MH4	4 - NAC	1	ROOM	4 - NAC-ROOM	113	4	0	4	2021	Group2
MH4	4 - NAC	1	ROOM	4 - NAC-ROOM	114	4	0	4	2022	Group3
MH4	4 - NAC	1	ROOM	4 - NAC-ROOM	116	4	0	4	2022	Group3
MH4	2 - NAC	1	ROOM	2 - NAC-ROOM	118	2	0	2	2022	Group3
MH4	2 - NAC	1	ROOM	2 - NAC-ROOM	119	2	0	2	2022	Group3
MH4	2 - NAC	1	ROOM	2 - NAC-ROOM	120	2	0	2	2022	Group3
MH4	2 - NAC	1	ROOM	2 - NAC-ROOM	121	2	0	2	2021	Group2
MH4	2 - NAC	1	ROOM	2 - NAC-ROOM	122	2	0	2	2021	Group2
MH4	2 - NAC	1	ROOM	2 - NAC-ROOM	123	2	0	2	2021	Group2
MH4	2 - NAC	1	ROOM	2 - NAC-ROOM	124	2	0	2	2021	Group2
MH4	2 - NAC	1	ROOM	2 - NAC-ROOM	125	2	0	2	2021	Group2
MH4	2 - NAC	1	ROOM	2 - NAC-ROOM	126	2	0	2	2021	Group2
MH4	2 - NAC	1	ROOM	2 - NAC-ROOM	127	2	0	2	2021	Group2
MH4	2 - NAC	1	ROOM	2 - NAC-ROOM	128	2	0	2	2022	Group3
MH4	2 - NAC	1	ROOM	2 - NAC-ROOM	129	2	0	2	2022	Group3
MH4	2 - NAC	1	ROOM	2 - NAC-ROOM	130	2	0	2	2022	Group3
MH4	2 - NAC	1	ROOM	2 - NAC-ROOM	131	2	0	2	2022	Group3
MH4	2 - NAC	1	ROOM	2 - NAC-ROOM	132	2	0	2	2022	Group3
MH4	2 - NAC	1	ROOM	2 - NAC-ROOM	133	2	0	2	2022	Group3
MH4	2 - NAC	1	ROOM	2 - NAC-ROOM	134	2	0	2	2022	Group3
MH4	5- AC	2	ROOM	5 - AC-ROOM	208	5	0	5	2022	Group3
MH4	2 - AC	2	ROOM	2 - AC-ROOM	209	2	0	2	2022	Group3
MH4	5- AC	2	ROOM	5 - AC-ROOM	211	5	0	5	2022	Group3
MH4	5- AC	2	ROOM	5 - AC-ROOM	213	5	0	5	2022	Group3
MH4	5- AC	2	ROOM	5 - AC-ROOM	214	5	0	5	2022	Group3
MH4	2 - AC	2	ROOM	2 - AC-ROOM	216	2	0	2	2021	Group2
MH4	5- AC	2	ROOM	5 - AC-ROOM	217	5	0	5	2021	Group2
MH4	5- AC	2	ROOM	5 - AC-ROOM	218	5	0	5	2021	Group2
MH4	2 - AC	2	ROOM	2 - AC-ROOM	219	2	0	2	2021	Group2
MH4	2 - AC	2	ROOM	2 - AC-ROOM	220	2	0	2	2021	Group2
MH4	2 - AC	2	ROOM	2 - AC-ROOM	221	2	0	2	2021	Group2
MH4	2 - AC	2	ROOM	2 - AC-ROOM	222	2	0	2	2021	Group2
MH4	2 - AC	2	ROOM	2 - AC-ROOM	223	2	0	2	2022	Group3
MH4	2 - AC	2	ROOM	2 - AC-ROOM	224	2	0	2	2022	Group3
MH4	2 - AC	2	ROOM	2 - AC-ROOM	225	2	0	2	2022	Group3
MH4	2 - AC	2	ROOM	2 - AC-ROOM	226	2	0	2	2022	Group3
MH4	2 - AC	2	ROOM	2 - AC-ROOM	227	2	0	2	2022	Group3
MH4	2 - AC	2	ROOM	2 - AC-ROOM	228	2	0	2	2022	Group3
MH4	2 - AC	2	ROOM	2 - AC-ROOM	229	2	0	2	2022	Group3
MH4	2 - AC	2	ROOM	2 - AC-ROOM	230	2	0	2	2022	Group3
MH4	2 - AC	2	ROOM	2 - AC-ROOM	231	2	0	2	2022	Group3
MH4	2 - AC	2	ROOM	2 - AC-ROOM	232	2	0	2	2022	Group3
MH4	2 - AC	2	ROOM	2 - AC-ROOM	233	2	0	2	2022	Group3
MH4	5- AC	3	ROOM	5 - AC-ROOM	302	5	0	5	2022	Group3
MH4	5- AC	3	ROOM	5 - AC-ROOM	305	5	0	5	2022	Group3
MH4	5- AC	3	ROOM	5 - AC-ROOM	306	5	0	5	2022	Group3
MH4	5- AC	3	ROOM	5 - AC-ROOM	307	5	0	5	2022	Group3
MH4	5- AC	3	ROOM	5 - AC-ROOM	308	5	0	5	2022	Group3
MH4	2 - AC	3	ROOM	2 - AC-ROOM	309	2	0	2	2022	Group3
MH4	5- AC	3	ROOM	5 - AC-ROOM	311	5	0	5	2022	Group3
MH4	5- AC	3	ROOM	5 - AC-ROOM	312	5	0	5	2022	Group3
MH4	5- AC	3	ROOM	5 - AC-ROOM	313	5	0	5	2022	Group3
MH4	5- AC	2	ROOM	5 - AC-ROOM	212	5	0	5	2022	Group3
MH4	5- AC	3	ROOM	5 - AC-ROOM	314	5	0	5	2022	Group3
MH4	2 - AC	3	ROOM	2 - AC-ROOM	316	2	0	2	2022	Group3
MH4	5- AC	3	ROOM	5 - AC-ROOM	317	5	0	5	2022	Group3
MH4	5- AC	3	ROOM	5 - AC-ROOM	318	5	0	5	2022	Group3
MH4	2 - AC	3	ROOM	2 - AC-ROOM	319	2	0	2	2022	Group3
MH4	2 - AC	3	ROOM	2 - AC-ROOM	320	2	0	2	2022	Group3
MH4	2 - AC	3	ROOM	2 - AC-ROOM	321	2	0	2	2022	Group3
MH4	2 - AC	3	ROOM	2 - AC-ROOM	322	2	0	2	2022	Group3
MH4	2 - AC	3	ROOM	2 - AC-ROOM	323	2	0	2	2022	Group3
MH4	2 - AC	3	ROOM	2 - AC-ROOM	324	2	0	2	2022	Group3
MH4	2 - AC	3	ROOM	2 - AC-ROOM	325	2	0	2	2022	Group3
MH4	2 - AC	3	ROOM	2 - AC-ROOM	326	2	0	2	2022	Group3
MH4	2 - AC	3	ROOM	2 - AC-ROOM	327	2	0	2	2022	Group3
MH4	2 - AC	3	ROOM	2 - AC-ROOM	328	2	0	2	2022	Group3
MH4	2 - AC	3	ROOM	2 - AC-ROOM	329	2	0	2	2022	Group3
MH4	2 - AC	3	ROOM	2 - AC-ROOM	330	2	0	2	2022	Group3
MH4	2 - AC	3	ROOM	2 - AC-ROOM	331	2	0	2	2022	Group3
MH4	2 - AC	3	ROOM	2 - AC-ROOM	332	2	0	2	2022	Group3
MH4	2 - AC	3	ROOM	2 - AC-ROOM	333	2	0	2	2022	Group3
MH4	5- AC	4	ROOM	5 - AC-ROOM	402	5	0	5	2022	Group3
MH4	12 - NAC	4	DORMS	12 - NAC-DORMS	404	12	0	12	2022	Group3
MH4	5- AC	4	ROOM	5 - AC-ROOM	405	5	0	5	2022	Group3
MH4	5- AC	4	ROOM	5 - AC-ROOM	406	5	0	5	2022	Group3
MH4	5- AC	4	ROOM	5 - AC-ROOM	407	5	0	5	2022	Group3
MH4	5- AC	4	ROOM	5 - AC-ROOM	408	5	0	5	2022	Group3
MH4	2 - AC	4	ROOM	2 - AC-ROOM	409	2	0	2	2022	Group3
MH4	5- AC	4	ROOM	5 - AC-ROOM	411	5	0	5	2022	Group3
MH4	5- AC	4	ROOM	5 - AC-ROOM	412	5	0	5	2022	Group3
MH4	5- AC	4	ROOM	5 - AC-ROOM	413	5	0	5	2022	Group3
MH4	5- AC	4	ROOM	5 - AC-ROOM	414	5	0	5	2022	Group3
MH4	2 - AC	4	ROOM	2 - AC-ROOM	416	2	0	2	2022	Group3
MH4	5- AC	4	ROOM	5 - AC-ROOM	417	5	0	5	2022	Group3
MH4	5- AC	4	ROOM	5 - AC-ROOM	418	5	0	5	2022	Group3
MH4	2 - AC	4	ROOM	2 - AC-ROOM	419	2	0	2	2022	Group3
MH4	2 - AC	4	ROOM	2 - AC-ROOM	420	2	0	2	2022	Group3
MH4	2 - AC	4	ROOM	2 - AC-ROOM	421	2	0	2	2022	Group3
MH4	2 - AC	4	ROOM	2 - AC-ROOM	422	2	0	2	2022	Group3
MH4	2 - AC	4	ROOM	2 - AC-ROOM	423	2	0	2	2022	Group3
MH4	2 - AC	4	ROOM	2 - AC-ROOM	424	2	0	2	2022	Group3
MH4	2 - AC	4	ROOM	2 - AC-ROOM	425	2	0	2	2022	Group3
MH4	2 - AC	4	ROOM	2 - AC-ROOM	426	2	0	2	2022	Group3
MH4	2 - AC	4	ROOM	2 - AC-ROOM	427	2	0	2	2022	Group3
MH4	2 - AC	4	ROOM	2 - AC-ROOM	428	2	0	2	2022	Group3
MH4	2 - AC	4	ROOM	2 - AC-ROOM	429	2	0	2	2022	Group3
MH4	2 - AC	4	ROOM	2 - AC-ROOM	430	2	0	2	2022	Group3
MH4	2 - AC	4	ROOM	2 - AC-ROOM	431	2	0	2	2022	Group3
MH4	2 - AC	4	ROOM	2 - AC-ROOM	432	2	0	2	2022	Group3
MH4	2 - AC	4	ROOM	2 - AC-ROOM	433	2	0	2	2022	Group3
MH4	5- AC	5	ROOM	5 - AC-ROOM	502	5	0	5	2022	Group3
MH4	15 - NAC	5	DORMS	15 - NAC-DORMS	503	15	0	15	2022	Group3
MH4	5- AC	5	ROOM	5 - AC-ROOM	504	5	0	5	2022	Group3
MH4	5- AC	5	ROOM	5 - AC-ROOM	505	5	0	5	2022	Group3
MH4	5- AC	5	ROOM	5 - AC-ROOM	506	5	0	5	2022	Group3
MH4	5- AC	5	ROOM	5 - AC-ROOM	507	5	0	5	2022	Group3
MH4	2 - AC	5	ROOM	2 - AC-ROOM	508	2	0	2	2022	Group3
MH4	5- AC	5	ROOM	5 - AC-ROOM	510	5	0	5	2022	Group3
MH4	5- AC	5	ROOM	5 - AC-ROOM	511	5	0	5	2022	Group3
MH4	5- AC	5	ROOM	5 - AC-ROOM	512	5	0	5	2022	Group3
MH4	5- AC	5	ROOM	5 - AC-ROOM	513	5	0	5	2022	Group3
MH4	2 - AC	5	ROOM	2 - AC-ROOM	515	2	0	2	2022	Group3
MH4	5- AC	5	ROOM	5 - AC-ROOM	516	5	0	5	2022	Group3
MH4	5- AC	5	ROOM	5 - AC-ROOM	517	5	0	5	2022	Group3
MH4	2 - AC	5	ROOM	2 - AC-ROOM	518	2	0	2	2022	Group3
MH4	2 - AC	5	ROOM	2 - AC-ROOM	519	2	0	2	2022	Group3
MH4	2 - AC	5	ROOM	2 - AC-ROOM	520	2	0	2	2022	Group3
MH4	2 - AC	5	ROOM	2 - AC-ROOM	521	2	0	2	2022	Group3
MH4	2 - AC	5	ROOM	2 - AC-ROOM	522	2	0	2	2022	Group3
MH4	2 - AC	5	ROOM	2 - AC-ROOM	523	2	0	2	2022	Group3
MH4	2 - AC	5	ROOM	2 - AC-ROOM	524	2	0	2	2022	Group3
MH4	2 - AC	5	ROOM	2 - AC-ROOM	525	2	0	2	2022	Group3
MH4	2 - AC	5	ROOM	2 - AC-ROOM	526	2	0	2	2022	Group3
MH4	2 - AC	5	ROOM	2 - AC-ROOM	527	2	0	2	2022	Group3
MH4	2 - AC	5	ROOM	2 - AC-ROOM	528	2	0	2	2022	Group3
MH4	2 - AC	5	ROOM	2 - AC-ROOM	529	2	0	2	2022	Group3
MH4	2 - AC	5	ROOM	2 - AC-ROOM	530	2	0	2	2022	Group3
MH4	2 - AC	5	ROOM	2 - AC-ROOM	531	2	0	2	2022	Group3
MH4	2 - AC	5	ROOM	2 - AC-ROOM	532	2	0	2	2022	Group3
MH4	5- AC	6	ROOM	5 - AC-ROOM	602	5	0	5	2022	Group3
MH4	12 - NAC	6	DORMS	12 - NAC-DORMS	604	12	0	12	2022	Group3
MH4	5- AC	6	ROOM	5 - AC-ROOM	605	5	0	5	2022	Group3
MH4	5- AC	6	ROOM	5 - AC-ROOM	606	5	0	5	2022	Group3
MH4	5- AC	6	ROOM	5 - AC-ROOM	607	5	0	5	2022	Group3
MH4	5- AC	6	ROOM	5 - AC-ROOM	608	5	0	5	2022	Group3
MH4	2 - AC	6	ROOM	2 - AC-ROOM	609	2	0	2	2022	Group3
MH4	5- AC	6	ROOM	5 - AC-ROOM	611	5	0	5	2022	Group3
MH4	5- AC	6	ROOM	5 - AC-ROOM	612	5	0	5	2022	Group3
MH4	5- AC	6	ROOM	5 - AC-ROOM	613	5	0	5	2022	Group3
MH4	5- AC	6	ROOM	5 - AC-ROOM	614	5	0	5	2022	Group3
MH4	2 - AC	6	ROOM	2 - AC-ROOM	616	2	0	2	2022	Group3
MH4	5- AC	6	ROOM	5 - AC-ROOM	617	5	0	5	2022	Group3
MH4	5- AC	6	ROOM	5 - AC-ROOM	618	5	0	5	2022	Group3
MH4	2 - AC	6	ROOM	2 - AC-ROOM	619	2	0	2	2022	Group3
MH4	2 - AC	6	ROOM	2 - AC-ROOM	620	2	0	2	2022	Group3
MH4	2 - AC	6	ROOM	2 - AC-ROOM	621	2	0	2	2022	Group3
MH4	2 - AC	6	ROOM	2 - AC-ROOM	622	2	0	2	2022	Group3
MH4	2 - AC	6	ROOM	2 - AC-ROOM	623	2	0	2	2022	Group3
MH4	2 - AC	6	ROOM	2 - AC-ROOM	624	2	0	2	2022	Group3
MH4	2 - AC	6	ROOM	2 - AC-ROOM	625	2	0	2	2022	Group3
MH4	2 - AC	6	ROOM	2 - AC-ROOM	626	2	0	2	2022	Group3
MH4	2 - AC	6	ROOM	2 - AC-ROOM	627	2	0	2	2022	Group3
MH4	2 - AC	6	ROOM	2 - AC-ROOM	628	2	0	2	2022	Group3
MH4	2 - AC	6	ROOM	2 - AC-ROOM	629	2	0	2	2022	Group3
MH4	2 - AC	6	ROOM	2 - AC-ROOM	630	2	0	2	2022	Group3
MH4	2 - AC	6	ROOM	2 - AC-ROOM	631	2	0	2	2022	Group3
MH4	2 - AC	6	ROOM	2 - AC-ROOM	632	2	0	2	2022	Group3
MH4	2 - AC	6	ROOM	2 - AC-ROOM	633	2	0	2	2022	Group3
MH4	5- AC	7	ROOM	5 - AC-ROOM	702	5	0	5	2022	Group3
MH4	6 - NAC	7	ROOM	6 - NAC-ROOM	703	6	0	6	2022	Group3
MH4	5- AC	7	ROOM	5 - AC-ROOM	705	5	0	5	2022	Group3
MH4	5- AC	7	ROOM	5 - AC-ROOM	706	5	0	5	2022	Group3
MH4	5- AC	7	ROOM	5 - AC-ROOM	707	5	0	5	2022	Group3
MH4	5- AC	7	ROOM	5 - AC-ROOM	708	5	0	5	2022	Group3
MH4	2 - AC	7	ROOM	2 - AC-ROOM	709	2	0	2	2022	Group3
MH4	5- AC	7	ROOM	5 - AC-ROOM	711	5	0	5	2022	Group3
MH4	5- AC	7	ROOM	5 - AC-ROOM	712	5	0	5	2022	Group3
MH4	5- AC	7	ROOM	5 - AC-ROOM	713	5	0	5	2022	Group3
MH4	5- AC	7	ROOM	5 - AC-ROOM	714	5	0	5	2023	Group4
MH4	2 - AC	7	ROOM	2 - AC-ROOM	716	2	0	2	2023	Group4
MH4	5- AC	7	ROOM	5 - AC-ROOM	717	5	0	5	2023	Group4
MH4	5- AC	7	ROOM	5 - AC-ROOM	718	5	0	5	2023	Group4
MH4	2 - AC	7	ROOM	2 - AC-ROOM	719	2	0	2	2023	Group4
MH4	2 - AC	7	ROOM	2 - AC-ROOM	720	2	0	2	2023	Group4
MH4	2 - AC	7	ROOM	2 - AC-ROOM	721	2	0	2	2023	Group4
MH4	2 - AC	7	ROOM	2 - AC-ROOM	722	2	0	2	2023	Group4
MH4	2 - AC	7	ROOM	2 - AC-ROOM	723	2	0	2	2023	Group4
MH4	2 - AC	7	ROOM	2 - AC-ROOM	724	2	0	2	2023	Group4
MH4	2 - AC	7	ROOM	2 - AC-ROOM	725	2	0	2	2023	Group4
MH4	2 - AC	7	ROOM	2 - AC-ROOM	726	2	0	2	2023	Group4
MH4	2 - AC	7	ROOM	2 - AC-ROOM	727	2	0	2	2023	Group4
MH4	2 - AC	7	ROOM	2 - AC-ROOM	728	2	0	2	2023	Group4
MH4	2 - AC	7	ROOM	2 - AC-ROOM	729	2	0	2	2023	Group4
MH4	2 - AC	7	ROOM	2 - AC-ROOM	730	2	0	2	2023	Group4
MH4	2 - AC	7	ROOM	2 - AC-ROOM	731	2	0	2	2023	Group4
MH4	2 - AC	7	ROOM	2 - AC-ROOM	732	2	0	2	2023	Group4
MH4	2 - AC	7	ROOM	2 - AC-ROOM	733	2	0	2	2023	Group4
MH4	5- AC	8	ROOM	5 - AC-ROOM	802	5	0	5	2023	Group4
MH4	12 - NAC	8	DORMS	12 - NAC-DORMS	804	12	0	12	2023	Group4
MH4	5- AC	8	ROOM	5 - AC-ROOM	805	5	0	5	2023	Group4
MH4	5- AC	8	ROOM	5 - AC-ROOM	806	5	0	5	2023	Group4
MH4	5- AC	8	ROOM	5 - AC-ROOM	807	5	0	5	2023	Group4
MH4	5- AC	8	ROOM	5 - AC-ROOM	808	5	0	5	2023	Group4
MH4	2 - AC	8	ROOM	2 - AC-ROOM	809	2	0	2	2023	Group4
MH4	5- AC	8	ROOM	5 - AC-ROOM	811	5	0	5	2023	Group4
MH4	5- AC	8	ROOM	5 - AC-ROOM	812	5	0	5	2023	Group4
MH4	5- AC	8	ROOM	5 - AC-ROOM	813	5	0	5	2023	Group4
MH4	5- AC	8	ROOM	5 - AC-ROOM	814	5	0	5	2023	Group4
MH4	2 - AC	8	ROOM	2 - AC-ROOM	816	2	0	2	2023	Group4
MH4	5- AC	8	ROOM	5 - AC-ROOM	817	5	0	5	2023	Group4
MH4	5- AC	8	ROOM	5 - AC-ROOM	818	5	0	5	2023	Group4
MH4	2 - AC	8	ROOM	2 - AC-ROOM	819	2	0	2	2023	Group4
MH4	2 - AC	8	ROOM	2 - AC-ROOM	820	2	0	2	2023	Group4
MH4	2 - AC	8	ROOM	2 - AC-ROOM	821	2	0	2	2023	Group4
MH4	2 - AC	8	ROOM	2 - AC-ROOM	822	2	0	2	2023	Group4
MH4	2 - AC	8	ROOM	2 - AC-ROOM	823	2	0	2	2023	Group4
MH4	2 - AC	8	ROOM	2 - AC-ROOM	824	2	0	2	2023	Group4
MH4	2 - AC	8	ROOM	2 - AC-ROOM	825	2	0	2	2023	Group4
MH4	2 - AC	8	ROOM	2 - AC-ROOM	826	2	0	2	2023	Group4
MH4	2 - AC	8	ROOM	2 - AC-ROOM	827	2	0	2	2023	Group4
MH4	2 - AC	8	ROOM	2 - AC-ROOM	828	2	0	2	2023	Group4
MH4	2 - AC	8	ROOM	2 - AC-ROOM	829	2	0	2	2023	Group4
MH4	2 - AC	8	ROOM	2 - AC-ROOM	830	2	0	2	2023	Group4
MH4	2 - AC	8	ROOM	2 - AC-ROOM	831	2	0	2	2023	Group4
MH4	2 - AC	8	ROOM	2 - AC-ROOM	832	2	0	2	2023	Group4
MH4	2 - AC	8	ROOM	2 - AC-ROOM	833	2	0	2	2023	Group4
MH4	5- AC	9	ROOM	5 - AC-ROOM	902	5	0	5	2023	Group4
MH4	15 - NAC	9	DORMS	15 - NAC-DORMS	903	15	0	15	2023	Group4
MH4	5- AC	9	ROOM	5 - AC-ROOM	904	5	0	5	2023	Group4
MH4	5- AC	9	ROOM	5 - AC-ROOM	905	5	0	5	2023	Group4
MH4	5- AC	9	ROOM	5 - AC-ROOM	906	5	0	5	2023	Group4
MH4	5- AC	9	ROOM	5 - AC-ROOM	907	5	0	5	2023	Group4
MH4	2 - AC	9	ROOM	2 - AC-ROOM	908	2	0	2	2023	Group4
MH4	5- AC	9	ROOM	5 - AC-ROOM	910	5	0	5	2023	Group4
MH4	5- AC	9	ROOM	5 - AC-ROOM	911	5	0	5	2023	Group4
MH4	5- AC	9	ROOM	5 - AC-ROOM	912	5	0	5	2023	Group4
MH4	5- AC	9	ROOM	5 - AC-ROOM	913	5	0	5	2023	Group4
MH4	2 - AC	9	ROOM	2 - AC-ROOM	915	2	0	2	2023	Group4
MH4	5- AC	9	ROOM	5 - AC-ROOM	916	5	0	5	2023	Group4
MH4	5- AC	9	ROOM	5 - AC-ROOM	917	5	0	5	2023	Group4
MH4	2 - AC	9	ROOM	2 - AC-ROOM	918	2	0	2	2023	Group4
MH4	2 - AC	9	ROOM	2 - AC-ROOM	919	2	0	2	2023	Group4
MH4	2 - AC	9	ROOM	2 - AC-ROOM	920	2	0	2	2023	Group4
MH4	2 - AC	9	ROOM	2 - AC-ROOM	921	2	0	2	2023	Group4
MH4	2 - AC	9	ROOM	2 - AC-ROOM	922	2	0	2	2023	Group4
MH4	2 - AC	9	ROOM	2 - AC-ROOM	923	2	0	2	2023	Group4
MH4	2 - AC	9	ROOM	2 - AC-ROOM	924	2	0	2	2023	Group4
MH4	2 - AC	9	ROOM	2 - AC-ROOM	925	2	0	2	2023	Group4
MH4	2 - AC	9	ROOM	2 - AC-ROOM	926	2	0	2	2023	Group4
MH4	2 - AC	9	ROOM	2 - AC-ROOM	927	2	0	2	2023	Group4
MH4	2 - AC	9	ROOM	2 - AC-ROOM	928	2	0	2	2023	Group4
MH4	2 - AC	9	ROOM	2 - AC-ROOM	929	2	0	2	2023	Group4
MH4	2 - AC	9	ROOM	2 - AC-ROOM	930	2	0	2	2023	Group4
MH4	2 - AC	9	ROOM	2 - AC-ROOM	931	2	0	2	2023	Group4
MH4	2 - AC	9	ROOM	2 - AC-ROOM	932	2	0	2	2023	Group4
MH4	5- AC	10	ROOM	5 - AC-ROOM	1002	5	0	5	2023	Group4
MH4	12 - NAC	10	DORMS	12 - NAC-DORMS	1004	12	0	12	2023	Group4
MH4	5- AC	10	ROOM	5 - AC-ROOM	1005	5	0	5	2023	Group4
MH4	5- AC	10	ROOM	5 - AC-ROOM	1006	5	0	5	2023	Group4
MH4	5- AC	10	ROOM	5 - AC-ROOM	1007	5	0	5	2023	Group4
MH4	5- AC	10	ROOM	5 - AC-ROOM	1008	5	0	5	2023	Group4
MH4	2 - AC	10	ROOM	2 - AC-ROOM	1009	2	0	2	2023	Group4
MH4	5- AC	10	ROOM	5 - AC-ROOM	1011	5	0	5	2023	Group4
MH4	5- AC	10	ROOM	5 - AC-ROOM	1012	5	0	5	2023	Group4
MH4	5- AC	10	ROOM	5 - AC-ROOM	1013	5	0	5	2023	Group4
MH4	5- AC	10	ROOM	5 - AC-ROOM	1014	5	0	5	2023	Group4
MH4	2 - AC	10	ROOM	2 - AC-ROOM	1016	2	0	2	2023	Group4
MH4	5- AC	10	ROOM	5 - AC-ROOM	1017	5	0	5	2023	Group4
MH4	5- AC	10	ROOM	5 - AC-ROOM	1018	5	0	5	2023	Group4
MH4	2 - AC	10	ROOM	2 - AC-ROOM	1019	2	0	2	2023	Group4
MH4	2 - AC	10	ROOM	2 - AC-ROOM	1020	2	0	2	2023	Group4
MH4	2 - AC	10	ROOM	2 - AC-ROOM	1021	2	0	2	2023	Group4
MH4	2 - AC	10	ROOM	2 - AC-ROOM	1022	2	0	2	2023	Group4
MH4	2 - AC	10	ROOM	2 - AC-ROOM	1023	2	0	2	2023	Group4
MH4	2 - AC	10	ROOM	2 - AC-ROOM	1024	2	0	2	2023	Group4
MH4	2 - AC	10	ROOM	2 - AC-ROOM	1025	2	0	2	2023	Group4
MH4	2 - AC	10	ROOM	2 - AC-ROOM	1026	2	0	2	2023	Group4
MH4	2 - AC	10	ROOM	2 - AC-ROOM	1027	2	0	2	2023	Group4
MH4	2 - AC	10	ROOM	2 - AC-ROOM	1028	2	0	2	2023	Group4
MH4	2 - AC	10	ROOM	2 - AC-ROOM	1029	2	0	2	2023	Group4
MH4	2 - AC	10	ROOM	2 - AC-ROOM	1030	2	0	2	2023	Group4
MH4	2 - AC	10	ROOM	2 - AC-ROOM	1031	2	0	2	2023	Group4
MH4	2 - AC	10	ROOM	2 - AC-ROOM	1032	2	0	2	2023	Group4
MH4	2 - AC	10	ROOM	2 - AC-ROOM	1033	2	0	2	2023	Group4
MH4	5- AC	11	ROOM	5 - AC-ROOM	1102	5	0	5	2023	Group4
MH4	6 - NAC	11	ROOM	6 - NAC-ROOM	1103	6	0	6	2023	Group4
MH4	5- AC	11	ROOM	5 - AC-ROOM	1105	5	0	5	2023	Group4
MH4	5- AC	11	ROOM	5 - AC-ROOM	1106	5	0	5	2023	Group4
MH4	5- AC	11	ROOM	5 - AC-ROOM	1107	5	0	5	2023	Group4
MH4	5- AC	11	ROOM	5 - AC-ROOM	1108	5	0	5	2023	Group4
MH4	2 - AC	11	ROOM	2 - AC-ROOM	1109	2	0	2	2023	Group4
MH4	5- AC	11	ROOM	5 - AC-ROOM	1111	5	0	5	2023	Group4
MH4	5- AC	11	ROOM	5 - AC-ROOM	1112	5	0	5	2023	Group4
MH4	5- AC	11	ROOM	5 - AC-ROOM	1113	5	0	5	2023	Group4
MH4	5- AC	11	ROOM	5 - AC-ROOM	1114	5	0	5	2023	Group4
MH4	2 - AC	11	ROOM	2 - AC-ROOM	1116	2	0	2	2023	Group4
MH4	5- AC	11	ROOM	5 - AC-ROOM	1117	5	0	5	2023	Group4
MH4	5- AC	11	ROOM	5 - AC-ROOM	1118	5	0	5	2023	Group4
MH4	2 - AC	11	ROOM	2 - AC-ROOM	1119	2	0	2	2023	Group4
MH4	2 - AC	11	ROOM	2 - AC-ROOM	1120	2	0	2	2023	Group4
MH4	2 - AC	11	ROOM	2 - AC-ROOM	1121	2	0	2	2023	Group4
MH4	2 - AC	11	ROOM	2 - AC-ROOM	1122	2	0	2	2023	Group4
MH4	2 - AC	11	ROOM	2 - AC-ROOM	1123	2	0	2	2023	Group4
MH4	2 - AC	11	ROOM	2 - AC-ROOM	1124	2	0	2	2023	Group4
MH4	2 - AC	11	ROOM	2 - AC-ROOM	1125	2	0	2	2023	Group4
MH4	2 - AC	11	ROOM	2 - AC-ROOM	1126	2	0	2	2023	Group4
MH4	2 - AC	11	ROOM	2 - AC-ROOM	1127	2	0	2	2023	Group4
MH4	2 - AC	11	ROOM	2 - AC-ROOM	1128	2	0	2	2023	Group4
MH4	2 - AC	11	ROOM	2 - AC-ROOM	1129	2	0	2	2023	Group4
MH4	2 - AC	11	ROOM	2 - AC-ROOM	1130	2	0	2	2023	Group4
MH4	2 - AC	11	ROOM	2 - AC-ROOM	1131	2	0	2	2023	Group4
MH4	2 - AC	11	ROOM	2 - AC-ROOM	1132	2	0	2	2023	Group4
MH4	2 - AC	11	ROOM	2 - AC-ROOM	1133	2	0	2	2023	Group4
MH4	5- AC	12	ROOM	5 - AC-ROOM	1202	5	0	5	2023	Group4
MH4	12 - NAC	12	DORMS	12 - NAC-DORMS	1204	12	0	12	2023	Group4
MH4	5- AC	12	ROOM	5 - AC-ROOM	1205	5	0	5	2023	Group4
MH4	5- AC	12	ROOM	5 - AC-ROOM	1206	5	0	5	2023	Group4
MH4	5- AC	12	ROOM	5 - AC-ROOM	1207	5	0	5	2023	Group4
MH4	5- AC	12	ROOM	5 - AC-ROOM	1208	5	0	5	2023	Group4
MH4	2 - AC	12	ROOM	2 - AC-ROOM	1209	2	0	2	2023	Group4
MH4	5- AC	12	ROOM	5 - AC-ROOM	1211	5	0	5	2023	Group4
MH4	5- AC	12	ROOM	5 - AC-ROOM	1212	5	0	5	2023	Group4
MH4	5- AC	12	ROOM	5 - AC-ROOM	1213	5	0	5	2023	Group4
MH4	5- AC	12	ROOM	5 - AC-ROOM	1214	5	0	5	2023	Group4
MH4	2 - AC	12	ROOM	2 - AC-ROOM	1216	2	0	2	2023	Group4
MH4	5- AC	12	ROOM	5 - AC-ROOM	1217	5	0	5	2023	Group4
MH4	5- AC	12	ROOM	5 - AC-ROOM	1218	5	0	5	2023	Group4
MH4	2 - AC	12	ROOM	2 - AC-ROOM	1219	2	0	2	2023	Group4
MH4	2 - AC	12	ROOM	2 - AC-ROOM	1220	2	0	2	2023	Group4
MH4	2 - AC	12	ROOM	2 - AC-ROOM	1221	2	0	2	2023	Group4
MH4	2 - AC	12	ROOM	2 - AC-ROOM	1222	2	0	2	2023	Group4
MH4	2 - AC	12	ROOM	2 - AC-ROOM	1223	2	0	2	2023	Group4
MH4	2 - AC	12	ROOM	2 - AC-ROOM	1224	2	0	2	2023	Group4
MH4	2 - AC	12	ROOM	2 - AC-ROOM	1225	2	0	2	2023	Group4
MH4	2 - AC	12	ROOM	2 - AC-ROOM	1228	2	0	2	2023	Group4
MH4	2 - AC	12	ROOM	2 - AC-ROOM	1229	2	0	2	2023	Group4
MH4	2 - AC	12	ROOM	2 - AC-ROOM	1230	2	0	2	2023	Group4
MH4	2 - AC	12	ROOM	2 - AC-ROOM	1231	2	0	2	2023	Group4
MH4	2 - AC	12	ROOM	2 - AC-ROOM	1232	2	0	2	2023	Group4
MH4	2 - AC	12	ROOM	2 - AC-ROOM	1233	2	0	2	2023	Group4
MH4	5- AC	13	ROOM	5 - AC-ROOM	1302	5	0	5	2023	Group4
MH4	12 - NAC	13	DORMS	12 - NAC-DORMS	1304	12	0	12	2023	Group4
MH4	5- AC	13	ROOM	5 - AC-ROOM	1305	5	0	5	2023	Group4
MH4	5- AC	13	ROOM	5 - AC-ROOM	1306	5	0	5	2023	Group4
MH4	5- AC	13	ROOM	5 - AC-ROOM	1307	5	0	5	2023	Group4
MH4	5- AC	13	ROOM	5 - AC-ROOM	1308	5	0	5	2023	Group4
MH4	2 - AC	13	ROOM	2 - AC-ROOM	1309	2	0	2	2023	Group4
MH4	5- AC	13	ROOM	5 - AC-ROOM	1311	5	0	5	2023	Group4
MH4	5- AC	13	ROOM	5 - AC-ROOM	1312	5	0	5	2023	Group4
MH4	5- AC	13	ROOM	5 - AC-ROOM	1313	5	0	5	2023	Group4
MH4	5- AC	13	ROOM	5 - AC-ROOM	1314	5	0	5	2023	Group4
MH4	2 - AC	13	ROOM	2 - AC-ROOM	1316	2	0	2	2023	Group4
MH4	5- AC	13	ROOM	5 - AC-ROOM	1317	5	0	5	2023	Group4
MH4	5- AC	13	ROOM	5 - AC-ROOM	1318	5	0	5	2023	Group4
MH4	2 - AC	13	ROOM	2 - AC-ROOM	1319	2	0	2	2023	Group4
MH4	2 - AC	13	ROOM	2 - AC-ROOM	1320	2	0	2	2023	Group4
MH4	2 - AC	13	ROOM	2 - AC-ROOM	1321	2	0	2	2023	Group4
MH4	2 - AC	13	ROOM	2 - AC-ROOM	1322	2	0	2	2023	Group4
MH4	2 - AC	13	ROOM	2 - AC-ROOM	1323	2	0	2	2023	Group4
MH4	2 - AC	13	ROOM	2 - AC-ROOM	1324	2	0	2	2023	Group4
MH4	2 - AC	13	ROOM	2 - AC-ROOM	1325	2	0	2	2023	Group4
MH4	2 - AC	13	ROOM	2 - AC-ROOM	1326	2	0	2	2023	Group4
MH4	2 - AC	13	ROOM	2 - AC-ROOM	1327	2	0	2	2023	Group4
MH4	2 - AC	13	ROOM	2 - AC-ROOM	1328	2	0	2	2023	Group4
MH4	2 - AC	13	ROOM	2 - AC-ROOM	1329	2	0	2	2023	Group4
MH4	2 - AC	13	ROOM	2 - AC-ROOM	1330	2	0	2	2023	Group4
MH4	2 - AC	13	ROOM	2 - AC-ROOM	1331	2	0	2	2023	Group4
MH5	5 - NAC	6	ROOM	5 - NAC-ROOM	602	5	0	5	2023	Group4
MH5	5 - NAC	6	ROOM	5 - NAC-ROOM	606	5	0	5	2023	Group4
MH5	5 - NAC	6	ROOM	5 - NAC-ROOM	607	5	0	5	2023	Group4
MH5	5 - NAC	6	ROOM	5 - NAC-ROOM	608	5	0	5	2023	Group4
MH5	5 - NAC	6	ROOM	5 - NAC-ROOM	609	5	0	5	2023	Group4
MH5	2 - NAC	6	ROOM	2 - NAC-ROOM	610	2	0	2	2023	Group4
MH5	5 - NAC	6	ROOM	5 - NAC-ROOM	612	5	0	5	2023	Group4
MH5	5 - NAC	6	ROOM	5 - NAC-ROOM	613	5	0	5	2023	Group4
MH5	5 - NAC	6	ROOM	5 - NAC-ROOM	614	5	0	5	2023	Group4
MH5	5 - NAC	6	ROOM	5 - NAC-ROOM	615	5	0	5	2023	Group4
MH5	2 - NAC	6	ROOM	2 - NAC-ROOM	617	2	0	2	2023	Group4
MH5	5 - NAC	6	ROOM	5 - NAC-ROOM	618	5	0	5	2023	Group4
MH5	5 - NAC	6	ROOM	5 - NAC-ROOM	619	5	0	5	2023	Group4
MH5	2 - NAC	6	ROOM	2 - NAC-ROOM	620	2	0	2	2023	Group4
MH5	2 - NAC	6	ROOM	2 - NAC-ROOM	621	2	0	2	2023	Group4
MH5	2 - NAC	6	ROOM	2 - NAC-ROOM	622	2	0	2	2023	Group4
MH5	2 - NAC	6	ROOM	2 - NAC-ROOM	623	2	0	2	2023	Group4
MH5	2 - NAC	6	ROOM	2 - NAC-ROOM	624	2	0	2	2023	Group4
MH5	2 - NAC	6	ROOM	2 - NAC-ROOM	625	2	0	2	2023	Group4
MH5	2 - NAC	6	ROOM	2 - NAC-ROOM	626	2	0	2	2023	Group4
MH5	2 - NAC	6	ROOM	2 - NAC-ROOM	627	2	0	2	2023	Group4
MH5	2 - NAC	6	ROOM	2 - NAC-ROOM	628	2	0	2	2023	Group4
MH5	2 - NAC	6	ROOM	2 - NAC-ROOM	629	2	0	2	2023	Group4
MH5	2 - NAC	6	ROOM	2 - NAC-ROOM	630	2	0	2	2023	Group4
MH5	2 - NAC	6	ROOM	2 - NAC-ROOM	631	2	0	2	2023	Group4
MH5	2 - NAC	6	ROOM	2 - NAC-ROOM	632	2	0	2	2023	Group4
MH5	2 - NAC	6	ROOM	2 - NAC-ROOM	633	2	0	2	2023	Group4
MH5	2 - NAC	6	ROOM	2 - NAC-ROOM	634	2	0	2	2023	Group4
MH5	5 - NAC	6	ROOM	5 - NAC-ROOM	702	5	0	5	2023	Group4
MH5	2 - AC	7	ROOM	2 - AC-ROOM	710	2	0	2	2022	Group3
MH5	2 - AC	7	ROOM	2 - AC-ROOM	717	2	0	2	2022	Group3
MH5	2 - AC	7	ROOM	2 - AC-ROOM	720	2	0	2	2022	Group3
MH5	2 - AC	7	ROOM	2 - AC-ROOM	721	2	0	2	2022	Group3
MH5	2 - AC	7	ROOM	2 - AC-ROOM	722	2	0	2	2022	Group3
MH5	2 - AC	7	ROOM	2 - AC-ROOM	723	2	0	2	2022	Group3
MH5	2 - AC	7	ROOM	2 - AC-ROOM	724	2	0	2	2022	Group3
MH5	2 - AC	7	ROOM	2 - AC-ROOM	726	2	0	2	2022	Group3
MH5	2 - AC	7	ROOM	2 - AC-ROOM	727	2	0	2	2022	Group3
MH5	2 - AC	7	ROOM	2 - AC-ROOM	732	2	0	2	2022	Group3
MH5	2 - AC	7	ROOM	2 - AC-ROOM	733	2	0	2	2022	Group3
MH5	2 - AC	7	ROOM	2 - AC-ROOM	734	2	0	2	2022	Group3
MH5	2 - AC	8	ROOM	2 - AC-ROOM	810	2	0	2	2022	Group3
MH5	2 - AC	8	ROOM	2 - AC-ROOM	817	2	0	2	2022	Group3
MH5	12 - NAC	8	DORMS	12 - NAC-DORMS	805	12	0	12	2022	Group3
MH5	2 - AC	7	ROOM	2 - AC-ROOM	725	2	0	2	2022	Group3
MH5	2 - AC	7	ROOM	2 - AC-ROOM	728	2	0	2	2022	Group3
MH3	5 - NAC	7	APT	5 - NAC-APT	701A	5	0	5	2022	Group3
MH3	5 - NAC	7	APT	5 - NAC-APT	702B	5	0	5	2022	Group3
MH3	5 - NAC	8	APT	5 - NAC-APT	827B	5	0	5	2023	Group4
MH3	5 - NAC	9	APT	5 - NAC-APT	902A	5	0	5	2023	Group4
MH3	5 - NAC	9	APT	5 - NAC-APT	902C	5	0	5	2023	Group4
MH3	5 - NAC	9	APT	5 - NAC-APT	902B	5	0	5	2023	Group4
MH3	5 - NAC	9	APT	5 - NAC-APT	927C	5	0	5	2023	Group4
MH3	5 - NAC	9	APT	5 - NAC-APT	927B	5	0	5	2023	Group4
MH3	5 - NAC	9	APT	5 - NAC-APT	927A	5	0	5	2023	Group4
MH3	5 - NAC	11	APT	5 - NAC-APT	1127B	5	0	5	2023	Group4
MH3	5 - NAC	11	APT	5 - NAC-APT	1127C	5	0	5	2023	Group4
MH3	5 - NAC	11	APT	5 - NAC-APT	1127A	5	0	5	2023	Group4
MH3	5 - NAC	4	APT	5 - NAC-APT	427A	5	0	5	2022	Group3
MH3	5 - NAC	5	APT	5 - NAC-APT	501A	5	0	5	2022	Group3
MH3	5 - NAC	6	APT	5 - NAC-APT	602A	5	0	5	2022	Group3
MH3	5 - NAC	6	APT	5 - NAC-APT	627A	5	0	5	2022	Group3
MH3	5 - NAC	4	APT	5 - NAC-APT	427B	5	0	5	2022	Group3
MH3	5 - NAC	6	APT	5 - NAC-APT	602B	5	0	5	2022	Group3
MH3	5 - NAC	6	APT	5 - NAC-APT	627B	5	0	5	2022	Group3
MH3	5 - NAC	4	APT	5 - NAC-APT	402C	5	0	5	2022	Group3
MH3	5 - NAC	4	APT	5 - NAC-APT	427C	5	0	5	2022	Group3
MH3	5 - NAC	6	APT	5 - NAC-APT	602C	5	0	5	2022	Group3
MH3	5 - NAC	6	APT	5 - NAC-APT	627C	5	0	5	2022	Group3
MH5	2 - NAC	2	ROOM	2 - NAC-ROOM	214	2	0	2	2022	Group3
MH3	8 - NAC	12	DORMS	8 - NAC-DORMS	1201	8	0	8	2023	Group4
MH5	6 - NAC	7	DORMS	6 - NAC-DORMS	704	6	0	6	2023	Group4
MH5	12 - NAC	9	DORMS	12 - NAC-DORMS	904	12	0	12	2023	Group4
MH5	12 - NAC	10	DORMS	12 - NAC-DORMS	1005	12	0	12	2023	Group4
MH4	4 - NAC	3	ROOM	4 - NAC-ROOM	334	4	0	4	2023	Group4
MH4	4 - NAC	4	ROOM	4 - NAC-ROOM	434	4	0	4	2023	Group4
MH5	4 - NAC	4	ROOM	4 - NAC-ROOM	435	4	0	4	2023	Group4
MH5	4 - NAC	4	ROOM	4 - NAC-ROOM	436	4	0	4	2023	Group4
MH4	4 - NAC	5	ROOM	4 - NAC-ROOM	533	4	0	4	2023	Group4
MH5	4 - NAC	5	ROOM	4 - NAC-ROOM	534	4	0	4	2023	Group4
MH5	4 - NAC	5	ROOM	4 - NAC-ROOM	535	4	0	4	2023	Group4
MH4	4 - NAC	6	ROOM	4 - NAC-ROOM	634	4	0	4	2023	Group4
MH5	4 - NAC	6	ROOM	4 - NAC-ROOM	635	4	0	4	2023	Group4
MH5	4 - NAC	6	ROOM	4 - NAC-ROOM	636	4	0	4	2023	Group4
MH4	4 - NAC	7	ROOM	4 - NAC-ROOM	734	4	0	4	2023	Group4
MH5	4 - NAC	7	ROOM	4 - NAC-ROOM	735	4	0	4	2023	Group4
MH5	4 - NAC	7	ROOM	4 - NAC-ROOM	736	4	0	4	2023	Group4
MH4	4 - NAC	8	ROOM	4 - NAC-ROOM	834	4	0	4	2023	Group4
MH5	4 - NAC	8	ROOM	4 - NAC-ROOM	835	4	0	4	2023	Group4
MH5	4 - NAC	8	ROOM	4 - NAC-ROOM	836	4	0	4	2023	Group4
MH4	4 - NAC	9	ROOM	4 - NAC-ROOM	933	4	0	4	2023	Group4
MH5	4 - NAC	9	ROOM	4 - NAC-ROOM	934	4	0	4	2023	Group4
MH5	4 - NAC	9	ROOM	4 - NAC-ROOM	935	4	0	4	2023	Group4
MH4	2 - NAC	9	ROOM	2 - NAC-ROOM	934	2	0	2	2023	Group4
MH5	8 - NAC	7	DORMS	8 - NAC-DORMS	705	8	0	8	2023	Group4
MH2	12 - AC	7	DORMS	12 - AC-DORMS	723	12	0	12	2023	Group4
MH2	12 - AC	11	DORMS	12 - AC-DORMS	1123	12	0	12	2022	Group3
